"geo_entity2","PlotID","Lat_Dec","Long_Dec","Elev_m","MAT","MAP","PrecipSeasonality","TempSeasonality","PET","HII","Plot_Prop_Invaded","S_asymp","S_rare100"
"O'ahu Island",1,21.406344,-157.880206,339.453002929688,21.5403957366943,1157.84130859375,43.1881370544434,136.055297851562,1324.67602539062,38,0.12,7,6.42051111359132
"Hawai'i Island",2,19.443586,-154.910211,156.561828613281,23.1727542877197,3621.98022460938,22.107816696167,113.452323913574,1376.17248535156,22,0.126728110599078,7,6.30104069884204
"Hawai'i Island",3,19.443586,-154.910211,156.561828613281,23.1727542877197,3621.98022460938,22.107816696167,113.452323913574,1376.17248535156,22,0.0273876404494382,1,1
"Hawai'i Island",4,19.443586,-154.910211,156.561828613281,23.1727542877197,3621.98022460938,22.107816696167,113.452323913574,1376.17248535156,22,0.572767508461338,6,5.90075659505866
"Hawai'i Island",5,19.443586,-154.910211,156.561828613281,23.1727542877197,3621.98022460938,22.107816696167,113.452323913574,1376.17248535156,22,0.659815005138746,3,2.99999844661505
"Hawai'i Island",6,19.443586,-154.910211,156.561828613281,23.1727542877197,3621.98022460938,22.107816696167,113.452323913574,1376.17248535156,22,0.35053037608486,4,3.99577781708812
"Hawai'i Island",7,19.443586,-154.910211,156.561828613281,23.1727542877197,3621.98022460938,22.107816696167,113.452323913574,1376.17248535156,22,0.485700436257877,6,5.75896718888581
"Hawai'i Island",8,19.443586,-154.910211,156.561828613281,23.1727542877197,3621.98022460938,22.107816696167,113.452323913574,1376.17248535156,22,0.442378272571568,6,5.65764453385323
"Hawai'i Island",9,19.443586,-154.910211,156.561828613281,23.1727542877197,3621.98022460938,22.107816696167,113.452323913574,1376.17248535156,22,0.217054263565891,1,1
"Hawai'i Island",10,19.443586,-154.910211,156.561828613281,23.1727542877197,3621.98022460938,22.107816696167,113.452323913574,1376.17248535156,22,0.468536100684478,5,4.77735843643914
"Hawai'i Island",11,19.443586,-154.910211,156.561828613281,23.1727542877197,3621.98022460938,22.107816696167,113.452323913574,1376.17248535156,22,0.0958904109589041,5,4.98768751575887
"Hawai'i Island",12,19.443586,-154.910211,156.561828613281,23.1727542877197,3621.98022460938,22.107816696167,113.452323913574,1376.17248535156,22,0.4962852897474,5,4.90355361743031
"Hawai'i Island",13,19.443586,-154.910211,156.561828613281,23.1727542877197,3621.98022460938,22.107816696167,113.452323913574,1376.17248535156,22,0.594566712517194,6,5.11916627050809
"Hawai'i Island",14,19.443586,-154.910211,156.561828613281,23.1727542877197,3621.98022460938,22.107816696167,113.452323913574,1376.17248535156,22,0.120040691759919,1,1
"Maui Nui",15,20.779832,-156.228992,1788.17199707031,13.525860786438,5842.95849609375,29.7213726043701,122.781837463379,1095.63366699219,12.5812149047852,0,9,8.59439145796614
"Hawai'i Island",16,19.327124,-155.184747,756.222351074219,19.5342235565186,3323.47241210938,23.4604682922363,122.162826538086,1270.24926757812,17.4435195922852,0,4,3.90432794091531
"Hawai'i Island",17,19.326618,-155.183294,756.222351074219,19.5342235565186,3323.47241210938,23.4604682922363,122.162826538086,1270.24926757812,17.4435195922852,0.0989010989010989,4,3.65789331043598
"Hawai'i Island",18,19.403232,-155.252263,1138.06494140625,17.5013084411621,3420.55249023438,22.8947734832764,127.433319091797,1200.08142089844,15.5006103515625,0.576271186440678,1,1
"Maui Nui",19,20.7075815949577,-156.135134499624,2070.2197265625,13.1612777709961,4586.7509765625,31.4591827392578,120.507362365723,1074.42236328125,17,0,2,1.54214407196471
"Maui Nui",20,20.6904834609909,-156.088305797246,857.963195800781,17.6254615783691,4540.97607421875,30.3139305114746,136.228179931641,1196.24755859375,14.2297592163086,0.34965034965035,5,4.98761013327442
"Maui Nui",21,20.7316590594055,-156.113628210961,1930.119140625,13.3954172134399,5223.0634765625,30.2008228302002,121.8125,1090.11169433594,12,0,5,4.43413693844804
"Maui Nui",22,20.7065374748014,-156.11424837775,1590.33435058594,14.0255308151245,5134.212890625,30.5250587463379,126.035057067871,1113.62927246094,12,0,3,2.89481605345488
"Maui Nui",23,20.7062115118964,-156.112575583867,1590.33435058594,14.0255308151245,5134.212890625,30.5250587463379,126.035057067871,1113.62927246094,12,0,7,6.38790592024622
"Maui Nui",24,20.6961863305729,-156.095650890638,1176.279296875,16.220552444458,4954.8154296875,30.1583728790283,135.382125854492,1166.31677246094,12,0,5,4.97006513092829
"Maui Nui",25,20.6921710531845,-156.090412820619,857.963195800781,17.6254615783691,4540.97607421875,30.3139305114746,136.228179931641,1196.24755859375,14.2297592163086,0.0191387559808612,8,7.10893795971741
"Maui Nui",26,20.7056577985689,-156.104872469679,1409.28540039062,15.101393699646,5179.6142578125,30.1449146270752,131.991790771484,1143.849609375,12,0,3,2.99999992700274
"Maui Nui",27,20.7131677139381,-156.123122471808,1856.66162109375,13.3840446472168,5025.56005859375,30.66330909729,121.919822692871,1093.80102539062,15.4759092330933,0,3,2.99926229482658
"Maui Nui",28,20.6932679431706,-156.1110556532,1555.69702148438,14.8085508346558,5118.361328125,30.4222030639648,130.552505493164,1129.60656738281,12,0,4,3.71146761039643
"Maui Nui",29,20.683484863738,-156.09242991326,943.45068359375,17.9929065704346,4463.966796875,30.3314247131348,135.3486328125,1198.62194824219,15.6291666030884,0.027972027972028,4,3.52722528001432
"Maui Nui",30,20.6811422302236,-156.092158019284,943.45068359375,17.9929065704346,4463.966796875,30.3314247131348,135.3486328125,1198.62194824219,15.6291666030884,0.0384615384615385,4,3.97248614847977
"Maui Nui",31,20.7137317487841,-156.106695471761,1319.6806640625,15.3089647293091,5214.3828125,29.9498615264893,133.138275146484,1151.33508300781,12,0,5,3.77719186126836
"Maui Nui",32,20.7141322374686,-156.099386417312,1137.84997558594,16.2944717407227,5082.20654296875,29.7493267059326,135.658309936523,1170.78845214844,12,0,6,5.86521164252293
"Maui Nui",33,20.7131216759929,-156.099415260639,1137.84997558594,16.2944717407227,5082.20654296875,29.7493267059326,135.658309936523,1170.78845214844,12,0,8,7.01917999376381
"Maui Nui",34,20.6888408184836,-156.081391960053,770.795837402344,18.7226409912109,4204.1162109375,30.4161891937256,133.508895874023,1217.57739257812,14.2297592163086,0.291390728476821,7,6.04035082149057
"Maui Nui",35,20.690067833358,-156.084016110217,857.963195800781,17.6254615783691,4540.97607421875,30.3139305114746,136.228179931641,1196.24755859375,14.2297592163086,0.213114754098361,7,6.507916014448
"Maui Nui",36,20.6945571223736,-156.11202893071,1555.69702148438,14.8085508346558,5118.361328125,30.4222030639648,130.552505493164,1129.60656738281,12,0,4,3.18273214019142
"Maui Nui",37,20.6890868246579,-156.082058748661,770.795837402344,18.7226409912109,4204.1162109375,30.4161891937256,133.508895874023,1217.57739257812,14.2297592163086,0.266806722689076,11,8.22032506282796
"Maui Nui",38,20.6851749961907,-156.09255117472,857.963195800781,17.6254615783691,4540.97607421875,30.3139305114746,136.228179931641,1196.24755859375,14.2297592163086,0,3,2.99997981191755
"Maui Nui",39,20.7169378931642,-156.100350007875,1319.6806640625,15.3089647293091,5214.3828125,29.9498615264893,133.138275146484,1151.33508300781,12,0,6,5.62366351008382
"Maui Nui",40,20.7158114701556,-156.100467405907,1319.6806640625,15.3089647293091,5214.3828125,29.9498615264893,133.138275146484,1151.33508300781,12,0,6,5.65776267492378
"Maui Nui",41,20.6920925261221,-156.110406403513,1449.76135253906,15.2654399871826,4923.5302734375,30.6642894744873,132.563110351562,1140.27526855469,12,0,4,3.85217482854349
"Maui Nui",42,20.7113488341472,-156.09867188485,1137.84997558594,16.2944717407227,5082.20654296875,29.7493267059326,135.658309936523,1170.78845214844,12,0,7,6.4333164639237
"Maui Nui",43,20.7183618258824,-156.100745059114,1435.18444824219,14.7510251998901,5261.39013671875,29.9861354827881,130.117126464844,1136.26428222656,12,0,6,5.75256296791182
"Maui Nui",45,20.7055435416876,-156.090071158121,889.329528808594,17.5408668518066,4629.04833984375,29.9616451263428,136.446472167969,1196.32727050781,12,0,8,7.53830654975144
"Maui Nui",46,20.7063706079119,-156.109147474883,1409.28540039062,15.101393699646,5179.6142578125,30.1449146270752,131.991790771484,1143.849609375,12,0,3,2.99924769182589
"Maui Nui",47,20.7110241940671,-156.103513612238,1319.6806640625,15.3089647293091,5214.3828125,29.9498615264893,133.138275146484,1151.33508300781,12,0,4,3.99967214350283
"Maui Nui",48,20.7292804288692,-156.094607065711,1684.25317382812,14.2202701568604,5398.0654296875,29.9120693206787,127.096687316895,1112.96264648438,12,0,4,3.96383250590946
"Maui Nui",49,20.6988653456357,-156.099811403135,1176.279296875,16.220552444458,4954.8154296875,30.1583728790283,135.382125854492,1166.31677246094,12,0,4,3.99999999997914
"O'ahu Island",50,21.316545,-157.743028,520.615417480469,20.281530380249,1566.4609375,42.5984764099121,136.165542602539,1279.30944824219,38,0.0793650793650794,5,4.80938373569344
"Hawai'i Island",51,19.4895190952694,-155.411498170078,2274.70825195312,13.4730634689331,4119.33642578125,21.4125537872314,121.647369384766,1014.90368652344,6,0,1,NA
"Hawai'i Island",52,19.3107616433695,-155.545551877565,2043.45825195312,13.8899250030518,3439.88891601562,19.8680229187012,117.90111541748,1051.56616210938,6,0,1,1
"Hawai'i Island",53,19.3423661346721,-155.554061586832,2353.45874023438,13.2066488265991,3250.70166015625,19.9098834991455,121.030670166016,1006.62286376953,6,0,1,NA
"Hawai'i Island",54,19.4060048852486,-155.7421494549,2215.24047851562,13.4571018218994,1067.90307617188,18.6566009521484,119.05834197998,1032.06518554688,8,0,2,NA
"Hawai'i Island",55,19.484929014037,-155.406926008077,2197.064453125,13.6529474258423,4235.931640625,21.4455585479736,120.685928344727,1026.13452148438,6,0,1,NA
"Hawai'i Island",56,19.4902051380758,-155.391786410486,2089.02612304688,13.8820343017578,4348.9765625,21.4789237976074,120.279067993164,1040.94934082031,6,0,1,NA
"Hawai'i Island",57,19.3317277213529,-155.550890013405,2269.64697265625,13.381947517395,3277.00512695312,19.8703594207764,119.428276062012,1019.95690917969,6,0,1,1
"Hawai'i Island",58,19.297965687704,-155.555882314787,2015.8681640625,13.9624319076538,3382.80322265625,19.7265758514404,117.718391418457,1058.96423339844,7.61707973480225,0,1,1
"Hawai'i Island",59,19.2959270071373,-155.574358357426,2161.48193359375,13.5916786193848,3176.82104492188,19.5748081207275,117.65828704834,1036.3330078125,6,0,1,1
"Hawai'i Island",60,19.3023889088873,-155.560506846501,2062.90893554688,13.8180913925171,3356.97827148438,19.7554302215576,117.604202270508,1051.03405761719,6,0,1,1
"Hawai'i Island",61,19.2668560399663,-155.600690246458,1991.40942382812,13.9541387557983,3096.17700195312,19.2953510284424,116.957847595215,1062.90551757812,8.86674308776855,0,1,1
"Hawai'i Island",62,19.3292047195785,-155.527164124727,1984.66821289062,14.0855321884155,3632.86547851562,20.1230506896973,118.756828308105,1061.96154785156,6,0,1,1
"Hawai'i Island",63,19.3493573442372,-155.554579520583,2436.86645507812,13.0123243331909,3224.07592773438,19.9500999450684,123.18815612793,995.442565917969,6,0,1,NA
"Hawai'i Island",64,19.5132564145204,-155.403735482884,2348.66796875,13.3082361221313,4148.5859375,21.5929565429688,123.221542358398,1002.78820800781,6,0,1,NA
"Hawai'i Island",65,19.3944076717657,-155.740004375435,2227.35546875,13.432689666748,1059.93469238281,18.5918140411377,118.998748779297,1029.64758300781,8.439866065979,0,1,NA
"Hawai'i Island",66,19.3266895790475,-155.552124478822,2269.64697265625,13.381947517395,3277.00512695312,19.8703594207764,119.428276062012,1019.95690917969,6,0,1,1
"Hawai'i Island",67,19.2754549822518,-155.583347900272,1946.40856933594,14.1172924041748,3269.49536132812,19.4968643188477,117.805503845215,1070.54699707031,8.00798606872559,0,1,1
"Hawai'i Island",68,19.3103415040503,-155.565224744248,2217.3134765625,13.4965696334839,3231.369140625,19.7180557250977,118.387565612793,1027.43542480469,6,0,1,NA
"Hawai'i Island",69,19.3084999252017,-155.560040835352,2062.90893554688,13.8180913925171,3356.97827148438,19.7554302215576,117.604202270508,1051.03405761719,6,0,1,1
"Hawai'i Island",70,19.3383345667375,-155.554350831744,2353.45874023438,13.2066488265991,3250.70166015625,19.9098834991455,121.030670166016,1006.62286376953,6,0,1,1
"Hawai'i Island",71,19.2554672899543,-155.591915228488,1861.71008300781,14.3132457733154,3238.45458984375,19.3841743469238,118.389625549316,1081.97644042969,10,0,8,6.47945477599785
"Hawai'i Island",72,19.1432738389637,-155.683889194518,1307.71276855469,16.3639373779297,2386.5712890625,19.7819194793701,124.365776062012,1183.9169921875,10,0,2,NA
"Hawai'i Island",73,19.1222440072903,-155.680148282049,1171.9892578125,17.063835144043,2327.53393554688,19.9020690917969,124.526573181152,1209.92944335938,10,0,5,4.57642943176645
"Hawai'i Island",74,19.1041809102729,-155.679154107447,1019.82385253906,17.8793678283691,2094.91455078125,20.1973819732666,124.016311645508,1238.10986328125,10,0,3,2.99999777194164
"Hawai'i Island",75,19.1239881922151,-155.68128792746,1177.24523925781,17.0228672027588,2147.09692382812,20.1417903900146,124.531188964844,1208.81408691406,10,0,3,2.99931729834069
"Hawai'i Island",76,19.1078508767305,-155.679507713742,1019.82385253906,17.8793678283691,2094.91455078125,20.1973819732666,124.016311645508,1238.10986328125,10,0,2,2
"Hawai'i Island",77,19.1329495805133,-155.682259169056,1242.87731933594,16.6811695098877,2279.67944335938,19.9076519012451,124.603546142578,1195.23022460938,10,0,2,NA
"Hawai'i Island",78,19.2656802620036,-155.579799994012,1860.05505371094,14.3626327514648,3305.49926757812,19.5320339202881,118.797813415527,1083.83911132812,10,0,4,3.66894271805269
"Hawai'i Island",79,19.2451272863195,-155.604026943525,1883.505859375,14.2682085037231,3166.18798828125,19.2474365234375,117.996520996094,1081.90319824219,10,0,6,5.74481845862206
"Hawai'i Island",80,19.1908970631664,-155.664037144528,1652.56994628906,14.9487533569336,2780.55908203125,19.168773651123,120.306602478027,1123.16613769531,10,0,1,1
"Hawai'i Island",81,19.2400133446564,-155.608034323164,1875.61877441406,14.2546806335449,3089.08422851562,19.1283588409424,117.751029968262,1081.5283203125,10,0,5,4.9999926333924
"Hawai'i Island",82,19.2516082987534,-155.600402175363,1883.505859375,14.2682085037231,3166.18798828125,19.2474365234375,117.996520996094,1081.90319824219,10,0,5,4.99956971387348
"Hawai'i Island",83,19.2448040587541,-155.608965711679,1928.4296875,14.1091165542603,3059.419921875,19.1524391174316,117.222312927246,1073.90380859375,10,0,4,3.57374518656523
"Hawai'i Island",84,19.1925001795034,-155.661838998027,1652.56994628906,14.9487533569336,2780.55908203125,19.168773651123,120.306602478027,1123.16613769531,10,0,5,4.71442331586948
"Hawai'i Island",85,19.1057397075502,-155.678143831242,1019.82385253906,17.8793678283691,2094.91455078125,20.1973819732666,124.016311645508,1238.10986328125,10,0,4,3.98104272772209
"Hawai'i Island",86,19.0967312383371,-155.671083862622,918.692626953125,18.4366416931152,2214.5634765625,19.9346580505371,123.561935424805,1257.20385742188,10,0,1,NA
"Hawai'i Island",87,19.1200130798578,-155.683902712144,1177.24523925781,17.0228672027588,2147.09692382812,20.1417903900146,124.531188964844,1208.81408691406,10,0,2,NA
"Hawai'i Island",88,19.1425228960872,-155.686461339889,1307.71276855469,16.3639373779297,2386.5712890625,19.7819194793701,124.365776062012,1183.9169921875,10,0,3,2.99999999999999
"Hawai'i Island",89,19.1398804591377,-155.686238044959,1307.71276855469,16.3639373779297,2386.5712890625,19.7819194793701,124.365776062012,1183.9169921875,10,0,3,3
"Hawai'i Island",90,19.1344882206077,-155.68572325221,1242.87731933594,16.6811695098877,2279.67944335938,19.9076519012451,124.603546142578,1195.23022460938,10,0,5,4.99999121691625
"Hawai'i Island",91,19.0970568203496,-155.675401426198,937.442260742188,18.3709259033203,1984.54064941406,20.2963066101074,123.641784667969,1254.31677246094,10,0,5,4.93626988006859
"Hawai'i Island",92,19.1169799437513,-155.683844219774,1106.60607910156,17.4185276031494,1985.20568847656,20.4804210662842,124.335594177246,1222.37817382812,10,0,1,NA
"Hawai'i Island",93,19.2432223742085,-155.605898351223,1811.88537597656,14.4433374404907,3190.65600585938,19.2812442779541,118.725410461426,1092.88842773438,10,0,1,1
"Hawai'i Island",94,19.1217920382226,-155.677082015232,1171.9892578125,17.063835144043,2327.53393554688,19.9020690917969,124.526573181152,1209.92944335938,10,0,3,2.9999606267785
"Hawai'i Island",95,19.2692336450018,-155.578201057247,1946.40856933594,14.1172924041748,3269.49536132812,19.4968643188477,117.805503845215,1070.54699707031,8.00798606872559,0,5,4.9747130925017
"Hawai'i Island",96,19.2812419500488,-155.563582334876,1963.00207519531,14.1226625442505,3333.82495117188,19.6251258850098,118.026145935059,1068.73681640625,6.7039966583252,0.00847457627118644,4,3.8676859140361
"Hawai'i Island",97,19.1934719514179,-155.660210412886,1652.56994628906,14.9487533569336,2780.55908203125,19.168773651123,120.306602478027,1123.16613769531,10,0,6,5.63626349177913
"Hawai'i Island",98,19.1509082514948,-155.684212244719,1372.50354003906,16.0628471374512,2473.63354492188,19.7146835327148,123.773979187012,1171.7646484375,10,0,1,NA
"Hawai'i Island",99,19.1259138195881,-155.680511500287,1177.24523925781,17.0228672027588,2147.09692382812,20.1417903900146,124.531188964844,1208.81408691406,10,0,4,3.99922897393728
"Hawai'i Island",100,19.113196797704,-155.68010685432,1103.42919921875,17.4265727996826,2217.38916015625,20.0420379638672,124.310127258301,1222.72509765625,10,0,1,NA
"Hawai'i Island",101,19.3756536653444,-155.223899691828,1008.01971435547,18.0664463043213,3771.9208984375,22.8023529052734,125.793556213379,1225.71325683594,17,0.096551724137931,1,1
"Hawai'i Island",102,19.3820512746222,-155.227346239639,1047.78662109375,17.8720073699951,3928.42919921875,22.7264728546143,126.139709472656,1215.15502929688,17,0,1,1
"Hawai'i Island",103,19.3592587798729,-155.167902044014,835.273193359375,18.9737529754639,3840.30395507812,22.7073955535889,122.995376586914,1252.36938476562,22,0.0985915492957746,5,4.46504432205104
"Hawai'i Island",104,19.3544114828752,-155.117763161574,696.8935546875,19.7719860076904,3888.57055664062,22.5885429382324,120.746536254883,1277.81420898438,33.3181762695312,0,1,NA
"Hawai'i Island",105,19.3698450204031,-155.139633361671,794.221313476562,19.2527866363525,3915.26635742188,22.6261672973633,122.118782043457,1261.51770019531,23.7064685821533,0,5,4.42102829215486
"Hawai'i Island",106,19.3533511025826,-155.154253912668,830.150695800781,19.0448398590088,3877.6474609375,22.6639041900635,122.656181335449,1254.359375,22,0.0235849056603774,2,1.97059737987892
"Hawai'i Island",107,19.3586860079112,-155.154523838139,830.150695800781,19.0448398590088,3877.6474609375,22.6639041900635,122.656181335449,1254.359375,22,0,5,3.81854798666213
"Hawai'i Island",108,19.3523727892095,-155.143011995836,801.093383789062,19.1718883514404,3925.46557617188,22.6155681610107,122.233863830566,1259.45275878906,22,0,2,1.98465125875626
"Hawai'i Island",109,19.3365205923323,-155.139969445707,722.704528808594,19.6934204101562,3858.41796875,22.6083698272705,121.108932495117,1275.0498046875,22,0,1,NA
"Hawai'i Island",110,19.3781356890683,-155.218127837685,1026.16723632812,17.9475975036621,3999.50024414062,22.6668033599854,125.866539001465,1217.58068847656,17,0.0526315789473684,1,1
"Hawai'i Island",111,19.3732891764644,-155.123203612092,757.687622070312,19.4328765869141,3845.50244140625,22.6535491943359,121.661979675293,1267.00170898438,25.0517635345459,0,2,1.99999999999457
"Hawai'i Island",112,19.3978772110509,-155.233072758158,1130.52844238281,17.4589157104492,4119.1689453125,22.721342086792,126.95849609375,1201.85546875,15.4703960418701,0.304964539007092,3,2.87408922923901
"Hawai'i Island",113,19.3531789157941,-155.162682967342,830.150695800781,19.0448398590088,3877.6474609375,22.6639041900635,122.656181335449,1254.359375,22,0.00332225913621262,4,3.69951337027066
"Hawai'i Island",114,19.3505577736643,-155.116714207279,686.716247558594,19.9003772735596,3899.1005859375,22.5568351745605,120.446060180664,1280.55944824219,31.8400268554688,0,1,NA
"Hawai'i Island",115,19.3446304654864,-155.139304403031,756.766052246094,19.4765911102295,3903.4521484375,22.6013221740723,121.496475219727,1267.51062011719,23.2396831512451,0,2,1.68738825035906
"Hawai'i Island",116,19.3446455891584,-155.120244448144,686.716247558594,19.9003772735596,3899.1005859375,22.5568351745605,120.446060180664,1280.55944824219,31.8400268554688,0,2,NA
"Hawai'i Island",117,19.3852002007579,-155.229083220181,1083.06018066406,17.6886367797852,4103.68994140625,22.675313949585,126.45881652832,1208.53173828125,17.1021022796631,0.0822510822510823,1,1
"Hawai'i Island",118,19.3604481087408,-155.119839642715,706.316528320312,19.688159942627,3860.78271484375,22.6225090026855,120.976943969727,1276.01196289062,29.4924926757812,0,1,NA
"Hawai'i Island",119,19.3634235606367,-155.157945513526,867.622924804688,18.8928451538086,3959.49926757812,22.6227893829346,122.99674987793,1248.72534179688,22,0,6,5.51605395041678
"Hawai'i Island",120,19.3735245182658,-155.12548134628,757.687622070312,19.4328765869141,3845.50244140625,22.6535491943359,121.661979675293,1267.00170898438,25.0517635345459,0,3,2.99999999999999
"Hawai'i Island",121,19.3510688630787,-155.13097607589,721.739929199219,19.6644477844238,3908.77319335938,22.5754795074463,121.012664794922,1274.71447753906,29.2812461853027,0,3,2.73898625038446
"Hawai'i Island",122,19.499022618665,-155.255115670633,1284.46374511719,16.7476692199707,4807.50244140625,22.8964309692383,129.072372436523,1167.0966796875,14,0,7,6.44730684960427
"Hawai'i Island",123,19.4685293289264,-155.230487276563,1120.60534667969,17.5258445739746,4610.81494140625,22.78395652771,127.863868713379,1198.75439453125,24,0,7,5.16048964676238
"Hawai'i Island",124,19.4775638486691,-155.214078862257,1069.53247070312,17.742015838623,4612.32080078125,22.7940006256104,127.539863586426,1206.69421386719,20.922664642334,0.2,6,5.86271609221287
"Hawai'i Island",125,19.5177690551356,-155.236486925788,1159.39916992188,17.3432140350342,4742.5166015625,22.9383220672607,128.635238647461,1191.12133789062,14,0,5,3.86093957158861
"Hawai'i Island",126,19.4976306917398,-155.263877585745,1322.38781738281,16.5108509063721,4814.21533203125,22.9091911315918,128.904449462891,1159.357421875,14,0,6,4.19904909342127
"Hawai'i Island",127,19.4935950898471,-155.263030962624,1284.46374511719,16.7476692199707,4807.50244140625,22.8964309692383,129.072372436523,1167.0966796875,14,0,5,3.03590924011378
"Hawai'i Island",128,19.5019878384174,-155.24763251289,1217.9658203125,17.0249309539795,4799.4912109375,22.9044075012207,128.948806762695,1178.32800292969,14,0,9,7.84529966770824
"Hawai'i Island",129,19.4965227294449,-155.26652888783,1322.38781738281,16.5108509063721,4814.21533203125,22.9091911315918,128.904449462891,1159.357421875,14,0,9,5.22151412881151
"Hawai'i Island",130,19.4940362175167,-155.251560812603,1214.54479980469,17.0279388427734,4784.859375,22.8815174102783,128.868209838867,1178.5263671875,14,0,6,5.35140726638469
"Hawai'i Island",131,19.4748555348422,-155.249886218083,1194.52514648438,17.1347370147705,4636.3056640625,22.8123798370361,128.555435180664,1187.09399414062,24,0,7,5.59133119866377
"Hawai'i Island",132,19.4780176852142,-155.250529841676,1208.25280761719,17.0588417053223,4693.30712890625,22.8417091369629,128.69612121582,1181.35278320312,22.6690235137939,0,7,5.41319187619297
"Hawai'i Island",133,19.4848752208602,-155.222920882009,1074.30932617188,17.7352333068848,4642.55712890625,22.8137531280518,127.618446350098,1205.5126953125,14,0,7,5.88535278621617
"Hawai'i Island",134,19.4965161290474,-155.267776437572,1322.38781738281,16.5108509063721,4814.21533203125,22.9091911315918,128.904449462891,1159.357421875,14,0,5,3.00841657067443
"Hawai'i Island",135,19.5123872063941,-155.232012290153,1155.1796875,17.322774887085,4750.9140625,22.9124984741211,128.591247558594,1191.28332519531,14,0,4,3.41958993918433
"Hawai'i Island",136,19.4767164250015,-155.23307533905,1122.31237792969,17.4933700561523,4648.5654296875,22.8109474182129,127.97004699707,1197.32080078125,23.8431358337402,0,7,5.96151405414094
"Hawai'i Island",137,19.4711156344053,-155.248491889075,1194.52514648438,17.1347370147705,4636.3056640625,22.8123798370361,128.555435180664,1187.09399414062,24,0,8,6.82808769322302
"Hawai'i Island",138,19.5062589824451,-155.255682705051,1270.7763671875,16.7560234069824,4824.74755859375,22.9185333251953,129.183517456055,1167.423828125,14,0,6,4.67756581387238
"Hawai'i Island",139,19.5147300358387,-155.239026439267,1155.1796875,17.322774887085,4750.9140625,22.9124984741211,128.591247558594,1191.28332519531,14,0,6,4.79875267411077
"Hawai'i Island",140,19.5112347589604,-155.247760319616,1207.91235351562,17.0487308502197,4793.0615234375,22.9294013977051,129.002838134766,1179.41967773438,14,0,7,6.21215582652341
"O'ahu Island",141,21.4177555555556,-158.096661111111,669.104553222656,19.6965808868408,2548.84594726562,40.1093215942383,141.12043762207,1291.51672363281,34,0.321739130434783,7,6.71502418560123
"O'ahu Island",143,21.536533,-158.19395,547.257141113281,20.4544258117676,2952.50317382812,37.1106491088867,138.837432861328,1308.02575683594,18,0.0296296296296296,12,9.64650972424948
"Maui Nui",144,21.1463179889582,-156.907542101066,1051.2490234375,17.6044330596924,5184.23193359375,37.0196342468262,142.805328369141,1178.31628417969,18.6656093597412,0,6,5.45601622835273
"Maui Nui",145,21.1407815140105,-156.907504360639,1056.06884765625,17.2214317321777,5418.4287109375,38.0075378417969,143.274169921875,1172.63220214844,19.5161514282227,0,5,4.91464060301666
"Maui Nui",146,21.1486088054269,-156.905834858542,1051.2490234375,17.6044330596924,5184.23193359375,37.0196342468262,142.805328369141,1178.31628417969,18.6656093597412,0,4,3.88905770201371
"Maui Nui",147,21.123998855002,-156.908721743235,1202.65063476562,16.3730297088623,5567.81396484375,38.9252052307129,143.175720214844,1164.94519042969,18.958324432373,0,6,5.3834687582016
"Maui Nui",148,21.145876589566,-156.903254853603,1051.2490234375,17.6044330596924,5184.23193359375,37.0196342468262,142.805328369141,1178.31628417969,18.6656093597412,0,5,4.57307994925083
"Maui Nui",149,21.1405084013762,-156.910251673945,1056.06884765625,17.2214317321777,5418.4287109375,38.0075378417969,143.274169921875,1172.63220214844,19.5161514282227,0,5,4.65946912571751
"Maui Nui",150,21.1431089401108,-156.90073319951,1046.26647949219,18.0986251831055,4991.6171875,36.8297882080078,140.844696044922,1181.95947265625,18,0,4,3.99753887104122
"Maui Nui",151,21.1557965495072,-156.915264716171,634.204345703125,19.7282810211182,4371.6806640625,35.3402214050293,137.006774902344,1198.32275390625,19.5352573394775,0,2,1.9519007887017
"Maui Nui",152,21.1308005398486,-156.909560009539,1075.2646484375,16.7445983886719,5616.62109375,38.4846496582031,143.437133789062,1169.109375,21.5512866973877,0,5,4.58536431515869
"Maui Nui",153,21.1584577217569,-156.916488637046,431.334228515625,22.4728183746338,3808.90600585938,34.5051536560059,133.106994628906,1204.41442871094,17.4852447509766,0,3,2.99956735179309
"Maui Nui",154,21.1357014603087,-156.905669774241,1056.06884765625,17.2214317321777,5418.4287109375,38.0075378417969,143.274169921875,1172.63220214844,19.5161514282227,0,4,3.9982428150862
"Maui Nui",155,21.1230840232132,-156.907772063552,1202.65063476562,16.3730297088623,5567.81396484375,38.9252052307129,143.175720214844,1164.94519042969,18.958324432373,0,6,5.58526723790666
"Maui Nui",156,21.1386900366261,-156.904154973543,1056.06884765625,17.2214317321777,5418.4287109375,38.0075378417969,143.274169921875,1172.63220214844,19.5161514282227,0,6,5.11221169541709
"Maui Nui",157,21.1314249917013,-156.908203660716,1075.2646484375,16.7445983886719,5616.62109375,38.4846496582031,143.437133789062,1169.109375,21.5512866973877,0,5,4.90693712036403
"Maui Nui",158,21.14500944762,-156.908349860167,1051.2490234375,17.6044330596924,5184.23193359375,37.0196342468262,142.805328369141,1178.31628417969,18.6656093597412,0,6,5.10038984969079
"Maui Nui",159,21.1372986336997,-156.907023845597,1056.06884765625,17.2214317321777,5418.4287109375,38.0075378417969,143.274169921875,1172.63220214844,19.5161514282227,0,7,5.50700988833675
"Maui Nui",160,21.1345291380334,-156.904348259898,1056.06884765625,17.2214317321777,5418.4287109375,38.0075378417969,143.274169921875,1172.63220214844,19.5161514282227,0,6,5.10674557114386
"Maui Nui",161,21.1427467192195,-156.907216843378,1051.2490234375,17.6044330596924,5184.23193359375,37.0196342468262,142.805328369141,1178.31628417969,18.6656093597412,0,6,5.36710647457634
"Maui Nui",162,21.1436481307824,-156.907810643895,1051.2490234375,17.6044330596924,5184.23193359375,37.0196342468262,142.805328369141,1178.31628417969,18.6656093597412,0,5,4.56994141489239
"Maui Nui",163,21.1314490696631,-156.899934908958,975.746520996094,17.0329074859619,5739.89306640625,38.2853202819824,142.396255493164,1156.10632324219,18.8407077789307,0,5,4.41023909499989
"Maui Nui",164,21.1442906626711,-156.904268705022,1051.2490234375,17.6044330596924,5184.23193359375,37.0196342468262,142.805328369141,1178.31628417969,18.6656093597412,0,7,5.2406786917775
"Maui Nui",165,21.1379250174543,-156.899266082804,1162.51940917969,17.3879699707031,5395.96484375,37.8696746826172,142.364151000977,1169.88708496094,18,0,5,4.66570156377442
"Maui Nui",166,21.141862640184,-156.902916678906,1051.2490234375,17.6044330596924,5184.23193359375,37.0196342468262,142.805328369141,1178.31628417969,18.6656093597412,0,5,4.18708743171117
"Maui Nui",167,21.1370058230144,-156.904525200004,1056.06884765625,17.2214317321777,5418.4287109375,38.0075378417969,143.274169921875,1172.63220214844,19.5161514282227,0,6,4.68509636079105
"Maui Nui",168,21.1538469285018,-156.910959815449,590.881286621094,19.5233135223389,4631.06982421875,35.564094543457,138.755508422852,1191.24133300781,18.2589626312256,0,4,3.95161546154858
"Maui Nui",169,21.1464665903276,-156.906413699527,1051.2490234375,17.6044330596924,5184.23193359375,37.0196342468262,142.805328369141,1178.31628417969,18.6656093597412,0,5,4.9161820250352
"Maui Nui",170,21.1507729944598,-156.912148549033,634.204345703125,19.7282810211182,4371.6806640625,35.3402214050293,137.006774902344,1198.32275390625,19.5352573394775,0,4,3.90424598256155
"Maui Nui",171,21.1357133639375,-156.906632198215,1056.06884765625,17.2214317321777,5418.4287109375,38.0075378417969,143.274169921875,1172.63220214844,19.5161514282227,0,5,4.36213723047388
"Maui Nui",172,21.1266839152138,-156.906759013172,1075.2646484375,16.7445983886719,5616.62109375,38.4846496582031,143.437133789062,1169.109375,21.5512866973877,0,4,3.71870066586811
"O'ahu Island",173,21.5472722222222,-158.223280555556,344.751251220703,21.979549407959,2115.10546875,37.7297515869141,137.938568115234,1352.27160644531,22,0.184615384615385,5,4.06773215582141
"Maui Nui",174,21.116536,-156.929944,1004.66595458984,17.3692817687988,3756.80908203125,40.1180610656738,144.280288696289,1191.34558105469,18,0,10,8.27126128964243
"Maui Nui",175,21.119022,-156.929944,1004.66595458984,17.3692817687988,3756.80908203125,40.1180610656738,144.280288696289,1191.34558105469,18,0.00386100386100386,8,5.54174374276405
"Maui Nui",176,21.1125694444444,-156.959069444444,623.972229003906,19.8095397949219,1477.26440429688,44.358585357666,133.693878173828,1249.15124511719,26.0225372314453,0.0967741935483871,3,2.99990201523743
"Maui Nui",177,20.6202666666667,-156.339097222222,702.31005859375,19.2870025634766,2157.75537109375,43.136058807373,134.503860473633,1235.72900390625,22,0.0606060606060606,6,5.98012970513567
"Maui Nui",178,20.8759166666667,-156.976552777778,475.351257324219,20.6423664093018,4028.97729492188,40.4726295471191,132.051788330078,1262.04235839844,17,0.16875,2,2
"Maui Nui",179,20.8734472222222,-156.967322222222,503.607513427734,20.5282878875732,3899.23168945312,40.6678848266602,132.102478027344,1257.44958496094,17,0.0373831775700935,5,4.26767134623501
"Maui Nui",180,20.8780555555556,-156.988458333333,507.544830322266,20.5346755981445,3777.12158203125,40.7343559265137,132.174591064453,1260.10144042969,17,0.193548387096774,2,2
"Hawai'i Island",181,19.332256,-155.456834,1105.78967285156,17.6010189056396,3490.28125,21.8717918395996,128.634963989258,1208.48413085938,10,0,4,3.99913837229678
"Hawai'i Island",182,19.7684166666667,-155.936438888889,582.402465820312,20.4781265258789,1112.77600097656,23.9769382476807,136.820877075195,1295.47912597656,18.2466983795166,0,6,5.01354163255915
"Hawai'i Island",186,19.70426,-155.04493,30.4655475616455,24.2998294830322,2857.5927734375,22.6723747253418,118.400634765625,1387,36.0400047302246,0.601223581757508,4,3.94264606330845
"Hawai'i Island",188,19.70426,-155.04493,30.4655475616455,24.2998294830322,2857.5927734375,22.6723747253418,118.400634765625,1387,36.0400047302246,0.660125260960334,5,4.99439980248527
"Hawai'i Island",190,19.70426,-155.04493,30.4655475616455,24.2998294830322,2857.5927734375,22.6723747253418,118.400634765625,1387,36.0400047302246,0.709968739145537,4,3.98777883669985
"Hawai'i Island",192,19.70426,-155.04493,30.4655475616455,24.2998294830322,2857.5927734375,22.6723747253418,118.400634765625,1387,36.0400047302246,0.586499321573948,2,2
"Hawai'i Island",193,20.056842,-155.704006,1306.19885253906,16.193473815918,2380.5341796875,28.4581775665283,133.317810058594,1161.95190429688,27.7438125610352,0.0163934426229508,3,2.99999881175316
"Kaua'i Island",194,22.130645,-159.660227,1112.36401367188,16.2106513977051,2226.53735351562,30.4761199951172,155.851287841797,1172.16857910156,22,0,15,14.4364422059803
"Kaua'i Island",195,22.1414666666667,-159.689736111111,808.135375976562,18.2473316192627,1705.11474609375,30.6029567718506,154.117141723633,1261.21630859375,22,0.137931034482759,9,7.76512768927307
"Kaua'i Island",196,22.1477722222222,-159.667991666667,856.410766601562,17.7661514282227,2361.3681640625,26.7791156768799,154.612075805664,1214.78735351562,22,0.151162790697674,17,13.4446904973955
"Hawai'i Island",197,19.414264,-154.94494,200.944900512695,23.0273513793945,3693.72338867188,22.1265640258789,114.23078918457,1370.74609375,22,0,3,2.99999928442864
"Hawai'i Island",198,19.414264,-154.94494,200.944900512695,23.0273513793945,3693.72338867188,22.1265640258789,114.23078918457,1370.74609375,22,0,3,2.99873082355727
"Hawai'i Island",199,19.414264,-154.94494,200.944900512695,23.0273513793945,3693.72338867188,22.1265640258789,114.23078918457,1370.74609375,22,0,3,2.99921193688906
"Hawai'i Island",200,19.414264,-154.94494,200.944900512695,23.0273513793945,3693.72338867188,22.1265640258789,114.23078918457,1370.74609375,22,0,3,2.99999964212885
"Hawai'i Island",201,19.414264,-154.94494,200.944900512695,23.0273513793945,3693.72338867188,22.1265640258789,114.23078918457,1370.74609375,22,0,3,2.99976108678487
"Hawai'i Island",202,19.414264,-154.94494,200.944900512695,23.0273513793945,3693.72338867188,22.1265640258789,114.23078918457,1370.74609375,22,0,4,3.99999636494087
"Hawai'i Island",203,19.414264,-154.94494,200.944900512695,23.0273513793945,3693.72338867188,22.1265640258789,114.23078918457,1370.74609375,22,0.05,2,1.99999999997372
"Hawai'i Island",204,19.414264,-154.94494,200.944900512695,23.0273513793945,3693.72338867188,22.1265640258789,114.23078918457,1370.74609375,22,0,2,1.99999999987771
"Hawai'i Island",205,19.414264,-154.94494,200.944900512695,23.0273513793945,3693.72338867188,22.1265640258789,114.23078918457,1370.74609375,22,0.0666666666666667,4,3.99909157481339
"Hawai'i Island",206,19.414264,-154.94494,200.944900512695,23.0273513793945,3693.72338867188,22.1265640258789,114.23078918457,1370.74609375,22,0,4,3.99872982336625
"Hawai'i Island",208,19.424302,-154.952525,295.891265869141,22.3875865936279,3834.45703125,22.1515293121338,114.887664794922,1349.28735351562,22,0,1,1
"Hawai'i Island",209,19.424302,-154.952525,295.891265869141,22.3875865936279,3834.45703125,22.1515293121338,114.887664794922,1349.28735351562,22,0,1,1
"Hawai'i Island",210,19.424302,-154.952525,295.891265869141,22.3875865936279,3834.45703125,22.1515293121338,114.887664794922,1349.28735351562,22,0,1,1
"Hawai'i Island",211,19.424302,-154.952525,295.891265869141,22.3875865936279,3834.45703125,22.1515293121338,114.887664794922,1349.28735351562,22,0,1,1
"Hawai'i Island",212,19.424302,-154.952525,295.891265869141,22.3875865936279,3834.45703125,22.1515293121338,114.887664794922,1349.28735351562,22,0,1,1
"Hawai'i Island",213,19.424302,-154.952525,295.891265869141,22.3875865936279,3834.45703125,22.1515293121338,114.887664794922,1349.28735351562,22,0,1,1
"Hawai'i Island",214,19.424302,-154.952525,295.891265869141,22.3875865936279,3834.45703125,22.1515293121338,114.887664794922,1349.28735351562,22,0,1,1
"Hawai'i Island",215,19.424302,-154.952525,295.891265869141,22.3875865936279,3834.45703125,22.1515293121338,114.887664794922,1349.28735351562,22,0,1,1
"Hawai'i Island",216,19.424302,-154.952525,295.891265869141,22.3875865936279,3834.45703125,22.1515293121338,114.887664794922,1349.28735351562,22,0,1,1
"Hawai'i Island",217,19.424302,-154.952525,295.891265869141,22.3875865936279,3834.45703125,22.1515293121338,114.887664794922,1349.28735351562,22,0,1,1
"Kaua'i Island",218,22.091171,-159.412501,329.898895263672,21.3163166046143,1820.09460449219,25.8752555847168,142.820037841797,1344.93859863281,18.0195636749268,0.727272727272727,1,1
"Maui Nui",219,20.727622,-156.290347,1818.38647460938,13.5165948867798,2033.82897949219,34.8938751220703,123.100120544434,1099.07824707031,18,0.274509803921569,4,3.99990138364858
"Hawai'i Island",221,19.482657,-154.901906,191.734741210938,22.9320449829102,3707.17236328125,21.9177227020264,113.426361083984,1368.19763183594,22,0.188888888888889,1,1
"Maui Nui",222,20.8582972222222,-156.597297222222,788.511413574219,18.2821521759033,5540.35888671875,36.8529815673828,139.759536743164,1202.01916503906,18,0.517241379310345,1,1
"Maui Nui",224,20.800458,-156.253849,1516.74035644531,14.7254447937012,5310.80419921875,29.2932357788086,131.394119262695,1132.66320800781,15.4269275665283,0,9,8.94455114940306
"Hawai'i Island",225,19.437316,-154.869039,46.9217109680176,24.1934623718262,2945.51318359375,21.9279155731201,111.684936523438,1395.88818359375,22,0.471264367816092,2,2
"Hawai'i Island",226,19.11375,-155.814841666667,702.226684570312,19.8433284759521,856.588928222656,19.0979957580566,124.259880065918,1301.62243652344,14,0,7,6.48058737964708
"Hawai'i Island",227,19.1160972222222,-155.814727777778,702.226684570312,19.8433284759521,856.588928222656,19.0979957580566,124.259880065918,1301.62243652344,14,0,10,9.01826035376484
"Hawai'i Island",228,19.494317,-155.385557,2040.61938476562,13.9867897033691,4431.0537109375,21.5603275299072,120.300804138184,1048.44995117188,6.53770065307617,0,5,4.92606097557209
"O'ahu Island",229,21.349632,-157.779529,549.864135742188,20.8248767852783,1713.77502441406,41.3365592956543,138.19172668457,1287.64318847656,36.9587936401367,0.333333333333333,1,1
"Kaua'i Island",230,22.1267555555556,-159.683902777778,921.582458496094,17.4261531829834,1550.14282226562,31.7734298706055,157.109466552734,1231.03039550781,22,0.32967032967033,6,5.81516613563131
"Hawai'i Island",231,19.440743,-154.872306,46.9217109680176,24.1934623718262,2945.51318359375,21.9279155731201,111.684936523438,1395.88818359375,22,0.256360078277886,3,2.99999999994805
"Hawai'i Island",233,19.440743,-154.872306,46.9217109680176,24.1934623718262,2945.51318359375,21.9279155731201,111.684936523438,1395.88818359375,22,0.28420467185762,2,2
"Hawai'i Island",234,19.440743,-154.872306,46.9217109680176,24.1934623718262,2945.51318359375,21.9279155731201,111.684936523438,1395.88818359375,22,0.144909688013136,3,2.99999999999971
"Hawai'i Island",235,19.440743,-154.872306,46.9217109680176,24.1934623718262,2945.51318359375,21.9279155731201,111.684936523438,1395.88818359375,22,0.19281045751634,2,1.99993655655978
"Hawai'i Island",236,19.440743,-154.872306,46.9217109680176,24.1934623718262,2945.51318359375,21.9279155731201,111.684936523438,1395.88818359375,22,0.217391304347826,3,2.999586920292
"Hawai'i Island",237,19.440743,-154.872306,46.9217109680176,24.1934623718262,2945.51318359375,21.9279155731201,111.684936523438,1395.88818359375,22,0.395866454689984,2,1.99999999999229
"Hawai'i Island",238,19.440743,-154.872306,46.9217109680176,24.1934623718262,2945.51318359375,21.9279155731201,111.684936523438,1395.88818359375,22,0.691373534338358,3,2.99999996348968
"Hawai'i Island",241,19.440783,-154.868508,46.9217109680176,24.1934623718262,2945.51318359375,21.9279155731201,111.684936523438,1395.88818359375,22,0.114593535749265,1,1
"Hawai'i Island",242,19.440783,-154.868508,46.9217109680176,24.1934623718262,2945.51318359375,21.9279155731201,111.684936523438,1395.88818359375,22,0,1,1
"Hawai'i Island",243,19.440783,-154.868508,46.9217109680176,24.1934623718262,2945.51318359375,21.9279155731201,111.684936523438,1395.88818359375,22,0.0109409190371991,2,1.99069411322701
"Hawai'i Island",244,19.440783,-154.868508,46.9217109680176,24.1934623718262,2945.51318359375,21.9279155731201,111.684936523438,1395.88818359375,22,0,1,1
"Hawai'i Island",245,19.440783,-154.868508,46.9217109680176,24.1934623718262,2945.51318359375,21.9279155731201,111.684936523438,1395.88818359375,22,0,1,1
"Hawai'i Island",246,19.440783,-154.868508,46.9217109680176,24.1934623718262,2945.51318359375,21.9279155731201,111.684936523438,1395.88818359375,22,0.0358927760109041,2,1.85044512884097
"Hawai'i Island",247,19.440783,-154.868508,46.9217109680176,24.1934623718262,2945.51318359375,21.9279155731201,111.684936523438,1395.88818359375,22,0.0367751060820368,1,1
"Hawai'i Island",248,19.440783,-154.868508,46.9217109680176,24.1934623718262,2945.51318359375,21.9279155731201,111.684936523438,1395.88818359375,22,0.0291916167664671,1,1
"Hawai'i Island",249,19.440783,-154.868508,46.9217109680176,24.1934623718262,2945.51318359375,21.9279155731201,111.684936523438,1395.88818359375,22,0,1,1
"Hawai'i Island",250,19.440783,-154.868508,46.9217109680176,24.1934623718262,2945.51318359375,21.9279155731201,111.684936523438,1395.88818359375,22,0,2,1.99999997472411
"Hawai'i Island",251,19.530393,-154.905455,102.20516204834,23.6460113525391,3431.81713867188,21.6569404602051,113.75203704834,1386.28881835938,18,0,1,1
"Hawai'i Island",252,19.530393,-154.905455,102.20516204834,23.6460113525391,3431.81713867188,21.6569404602051,113.75203704834,1386.28881835938,18,0,1,1
"Hawai'i Island",253,19.530393,-154.905455,102.20516204834,23.6460113525391,3431.81713867188,21.6569404602051,113.75203704834,1386.28881835938,18,0,1,1
"Hawai'i Island",254,19.530393,-154.905455,102.20516204834,23.6460113525391,3431.81713867188,21.6569404602051,113.75203704834,1386.28881835938,18,0,1,1
"Hawai'i Island",255,19.530393,-154.905455,102.20516204834,23.6460113525391,3431.81713867188,21.6569404602051,113.75203704834,1386.28881835938,18,0,1,1
"Hawai'i Island",256,19.530393,-154.905455,102.20516204834,23.6460113525391,3431.81713867188,21.6569404602051,113.75203704834,1386.28881835938,18,0,1,1
"Hawai'i Island",257,19.525996,-154.884626,72.4106369018555,23.7820129394531,3386.7314453125,21.6252403259277,113.024589538574,1389.39318847656,18,0.182991647684131,2,1.9999999999992
"Hawai'i Island",258,19.525996,-154.884626,72.4106369018555,23.7820129394531,3386.7314453125,21.6252403259277,113.024589538574,1389.39318847656,18,0,3,3
"Hawai'i Island",259,19.525996,-154.884626,72.4106369018555,23.7820129394531,3386.7314453125,21.6252403259277,113.024589538574,1389.39318847656,18,0.4662100456621,4,3.99934003599658
"Hawai'i Island",260,19.525996,-154.884626,72.4106369018555,23.7820129394531,3386.7314453125,21.6252403259277,113.024589538574,1389.39318847656,18,0.246865959498554,4,3.92641316348384
"Hawai'i Island",261,19.525996,-154.884626,72.4106369018555,23.7820129394531,3386.7314453125,21.6252403259277,113.024589538574,1389.39318847656,18,0.223491027732463,4,3.97598474396927
"Hawai'i Island",262,19.525996,-154.884626,72.4106369018555,23.7820129394531,3386.7314453125,21.6252403259277,113.024589538574,1389.39318847656,18,0.0614722004698512,5,4.74745220836583
"Hawai'i Island",263,19.525996,-154.884626,72.4106369018555,23.7820129394531,3386.7314453125,21.6252403259277,113.024589538574,1389.39318847656,18,0.303836633663366,3,2.97418436835809
"Hawai'i Island",264,19.525996,-154.884626,72.4106369018555,23.7820129394531,3386.7314453125,21.6252403259277,113.024589538574,1389.39318847656,18,0.100655831194753,4,3.99953824206759
"Hawai'i Island",265,19.525996,-154.884626,72.4106369018555,23.7820129394531,3386.7314453125,21.6252403259277,113.024589538574,1389.39318847656,18,0.141688481675393,5,4.78285378894849
"Hawai'i Island",266,19.525996,-154.884626,72.4106369018555,23.7820129394531,3386.7314453125,21.6252403259277,113.024589538574,1389.39318847656,18,0.33764367816092,4,3.99986541870636
"Hawai'i Island",267,19.530393,-154.905455,102.20516204834,23.6460113525391,3431.81713867188,21.6569404602051,113.75203704834,1386.28881835938,18,0,2,1.99645337177252
"Hawai'i Island",268,19.530393,-154.905455,102.20516204834,23.6460113525391,3431.81713867188,21.6569404602051,113.75203704834,1386.28881835938,18,0,1,1
"Hawai'i Island",269,19.530393,-154.905455,102.20516204834,23.6460113525391,3431.81713867188,21.6569404602051,113.75203704834,1386.28881835938,18,0,1,1
"Hawai'i Island",270,19.530393,-154.905455,102.20516204834,23.6460113525391,3431.81713867188,21.6569404602051,113.75203704834,1386.28881835938,18,0,1,1
"Hawai'i Island",271,19.530393,-154.905455,102.20516204834,23.6460113525391,3431.81713867188,21.6569404602051,113.75203704834,1386.28881835938,18,0,1,1
"Hawai'i Island",272,19.52276,-154.873548,90.2083435058594,23.6717414855957,3451.88232421875,21.6951694488525,112.69376373291,1387.48303222656,18,0.357600269632626,2,2
"Hawai'i Island",273,19.52276,-154.873548,90.2083435058594,23.6717414855957,3451.88232421875,21.6951694488525,112.69376373291,1387.48303222656,18,0.347118959107807,2,2
"Hawai'i Island",274,19.52276,-154.873548,90.2083435058594,23.6717414855957,3451.88232421875,21.6951694488525,112.69376373291,1387.48303222656,18,0.338854382332643,2,2
"Hawai'i Island",275,19.52276,-154.873548,90.2083435058594,23.6717414855957,3451.88232421875,21.6951694488525,112.69376373291,1387.48303222656,18,0.183769020678892,3,2.85460227988726
"Hawai'i Island",276,19.52276,-154.873548,90.2083435058594,23.6717414855957,3451.88232421875,21.6951694488525,112.69376373291,1387.48303222656,18,0.192,2,1.99945527341896
"Hawai'i Island",277,19.52276,-154.873548,90.2083435058594,23.6717414855957,3451.88232421875,21.6951694488525,112.69376373291,1387.48303222656,18,0.336346336822074,2,1.99999999998243
"Hawai'i Island",278,19.52276,-154.873548,90.2083435058594,23.6717414855957,3451.88232421875,21.6951694488525,112.69376373291,1387.48303222656,18,0.282235404308461,2,2
"Hawai'i Island",280,19.52276,-154.873548,90.2083435058594,23.6717414855957,3451.88232421875,21.6951694488525,112.69376373291,1387.48303222656,18,0.396718552797644,3,2.94265195557968
"Hawai'i Island",281,19.52276,-154.873548,90.2083435058594,23.6717414855957,3451.88232421875,21.6951694488525,112.69376373291,1387.48303222656,18,0.569187449718423,3,2.97967583276867
"Kaua'i Island",282,22.186576,-159.479912,214.923385620117,22.5291690826416,1842.71166992188,24.2578372955322,143.156600952148,1360.60864257812,18,0.614035087719298,2,1.99804840689465
"Hawai'i Island",283,19.54567,-154.99774,159.506866455078,23.3840103149414,3554.2294921875,21.9240169525146,117.00666809082,1375.4375,32.3857917785645,0.402777777777778,1,1
"O'ahu Island",285,21.413189,-158.100992,778.003662109375,19.3164672851562,2629.85913085938,40.088550567627,142.395690917969,1275.3662109375,34,0.172413793103448,3,2.90563706084595
"Hawai'i Island",286,19.905336,-155.194924,591.85009765625,20.3345241546631,3957.74462890625,24.2627105712891,123.633193969727,1270.98010253906,10,0.739130434782609,1,1
"Kaua'i Island",287,22.14813,-159.626792,1158.40759277344,16.2868690490723,2682.40087890625,26.700475692749,154.212295532227,1170.26049804688,18,0,16,14.6751576622469
"O'ahu Island",288,21.533393,-157.929437,616.805236816406,19.2891139984131,2613.5517578125,40.3107414245605,140.964782714844,1273.26538085938,30.7042675018311,0,2,1.99879422144691
"Hawai'i Island",289,19.694877,-155.257481,1060.38854980469,17.7421703338623,4438.78173828125,23.6561546325684,129.349258422852,1198.93688964844,11,0,4,3.79138410889874
"Hawai'i Island",290,19.677957,-155.329258,1520.29858398438,15.5448656082153,4557.22607421875,23.6278038024902,128.266799926758,1119.42065429688,11,0,8,7.50131963685139
"Hawai'i Island",291,19.687161,-155.465774,2005.82885742188,13.9466342926025,3388.07177734375,22.5099983215332,121.212059020996,1052.60217285156,6.51815319061279,0,6,5.95980256498525
"Hawai'i Island",292,19.414151,-155.237235,1190.5673828125,17.23583984375,4310.7216796875,22.6628036499023,127.358726501465,1188.4365234375,13.6326971054077,0,7,6.5340397497623
"Hawai'i Island",293,19.413278,-155.237542,1190.5673828125,17.23583984375,4310.7216796875,22.6628036499023,127.358726501465,1188.4365234375,13.6326971054077,0.0701754385964912,3,2.99845374993169
"Maui Nui",294,20.947536,-156.546013,382.736206054688,21.4105091094971,7472.78369140625,32.5569610595703,129.247268676758,1296.84826660156,24.6160278320312,0.075,5,4.87727101175554
"Kaua'i Island",295,22.061,-159.645938888889,437.746185302734,19.8010845184326,1549.62194824219,29.1388034820557,145.80924987793,1347.4228515625,20.2068519592285,0.738095238095238,3,2.99998933847452
"O'ahu Island",296,21.623398,-158.016838,222.606887817383,22.4281978607178,1644.24536132812,39.3461074829102,137.469940185547,1355.43322753906,28,0.252747252747253,5,4.98349098589182
"O'ahu Island",300,21.4,-157.85,391.21240234375,20.7614116668701,1739.11462402344,41.6789474487305,136.397491455078,1308.1767578125,39.0085754394531,0.332865168539326,4,3.99999939275633
"Hawai'i Island",301,19.85,-155.3,1595.16650390625,14.9390735626221,4516.6806640625,24.2087841033936,125.533706665039,1106.54357910156,9,0,2,1.9857004860747
"Hawai'i Island",302,19.44,-155.34,1359.46362304688,16.4363288879395,4081.58959960938,22.8624362945557,128.844131469727,1155.57238769531,10,0,1,1
"Hawai'i Island",303,19.79,-155.19,791.802368164062,19.0905723571777,4226.26611328125,23.8601779937744,125.287406921387,1244.32250976562,18,0,4,3.69768312683664
"Kaua'i Island",304,22.07,-159.72,577.293762207031,19.647891998291,1107.71765136719,32.170539855957,144.187194824219,1343.35388183594,18,0.378698224852071,1,1
"Hawai'i Island",305,19.19,-155.78,1504.26574707031,15.5144815444946,1090.71337890625,19.0922565460205,122.680068969727,1152.02233886719,12,0,4,3.92386037488867
"Hawai'i Island",306,19.92,-155.29,1287.84411621094,16.2325248718262,4254.3125,24.7634143829346,129.215728759766,1154.07861328125,10,0,6,5.97132289113705
"Hawai'i Island",307,19.4,-155.41,1427.26000976562,16.0698757171631,4046.09375,22.3388042449951,128.053405761719,1144.78210449219,6,0,1,1
"Kaua'i Island",308,22.13,-159.65,1137.73010253906,15.9864835739136,2712.10961914062,28.7811031341553,154.963790893555,1166.55822753906,22,0.138122536725188,3,2.99999999234
"Hawai'i Island",309,19.33,-155.48,1289.29956054688,16.6072406768799,3675.99291992188,21.6656646728516,128.499160766602,1172.37329101562,6,0,5,4.94690622128606
"Hawai'i Island",310,19.26,-155.55,1421.73901367188,15.9867601394653,3347.76586914062,20.8981876373291,125.823661804199,1156.80798339844,10,0,6,5.94634234503737
"Hawai'i Island",311,19.31,-155.5,1457.59497070312,15.8568696975708,3712.19384765625,21.3053684234619,126.375007629395,1145.61950683594,8.45357799530029,0,6,5.13758344508212
"Hawai'i Island",312,19.86,-155.21,886.232971191406,18.4668655395508,4212.888671875,24.2045402526855,126.292778015137,1222.36450195312,18,0,6,5.75535386643366
"Hawai'i Island",313,19.37,-155.5,1951.72583007812,14.1533174514771,3779.00512695312,20.4167041778564,119.731369018555,1064.41235351562,6,0,2,1.99999972330192
"O'ahu Island",314,21.5,-157.95,467.740478515625,20.680419921875,1551.810546875,40.9523849487305,137.246719360352,1308.44665527344,31.3015689849854,0,2,2
"Hawai'i Island",315,19.69,-155.89,1933.88806152344,14.0812788009644,1401.599609375,22.6060829162598,122.131240844727,1079.4677734375,12,0,1,1
"Hawai'i Island",316,19.71,-155.24,908.794494628906,18.5509548187256,4330.12109375,23.680570602417,127.693519592285,1225.49560546875,11,0.00666892731999548,7,6.93672551766156
"Hawai'i Island",317,19.94,-155.26,762.737121582031,19.1496696472168,3961.00830078125,24.624267578125,125.572380065918,1240.56188964844,10,0.539389298363167,7,6.40288554823099
"Hawai'i Island",318,19.91,-155.23,786.545471191406,19.0468406677246,4065.54370117188,24.4421520233154,125.371101379395,1238.61853027344,10,0.0384117393180837,10,9.34332173212206
"O'ahu Island",319,21.64,-157.99,342.698516845703,21.2598056793213,3407.95825195312,37.9209098815918,137.635513305664,1322.17150878906,28,0.14919414461038,4,3.64643355316548
"Hawai'i Island",321,19.23,-155.8,1531.47985839844,15.4319658279419,1059.00122070312,18.3954811096191,123.043022155762,1147.52075195312,13,0,4,3.43919672902468
"Hawai'i Island",322,19.7,-155.21,735.108093261719,19.6238059997559,4228.86962890625,23.5179824829102,125.802978515625,1256.15051269531,13.420238494873,0.0738435015803084,5,4.87486307652211
"Hawai'i Island",323,19.61,-155.15,580.774658203125,20.6437797546387,4175.15966796875,22.9610347747803,123.85417175293,1287.09545898438,17,0.722405271828666,4,3.72866520590678
"Hawai'i Island",324,19.2,-155.8,1335.02319335938,16.2793426513672,1008.58892822266,18.6725902557373,125.380584716797,1179.466796875,12.8575372695923,0,2,2
"Hawai'i Island",325,19.7,-155.19,613.767395019531,20.375020980835,4163.4716796875,23.4379138946533,124.908081054688,1277.45043945312,15,0,6,5.91210418165826
"Hawai'i Island",326,19.45,-155.29,1247.43347167969,16.8754463195801,4092.67993164062,22.8755950927734,129.106002807617,1177.74072265625,11,0,3,2.57665207836335
"Hawai'i Island",328,19.69,-155.16,440.310638427734,21.6230506896973,4040.529296875,23.2226657867432,123.22135925293,1308.96911621094,22,0.585091420534459,5,4.99999999999658
"Hawai'i Island",330,19.66,-155.19,671.509643554688,20.0319347381592,4226.92138671875,23.2700538635254,125.286338806152,1268.0078125,9,0.472664918297357,10,8.72746138759632
"Hawai'i Island",331,19.74,-155.22,917.253173828125,18.5037307739258,4315.3544921875,23.783878326416,127.376419067383,1224.34936523438,11,0,5,4.95162710478281
"Hawai'i Island",332,19.68,-155.34,1567.58447265625,15.3321580886841,4539.1708984375,23.4992752075195,127.429161071777,1110.5654296875,11,0,5,4.87890679405389
"Hawai'i Island",333,19.89,-155.31,1609.00769042969,14.8106918334961,4374.48583984375,24.3671207427979,125.11205291748,1102.35327148438,6,0,4,3.94469905572465
"Hawai'i Island",334,19.73,-155.86,1490.56640625,15.4970550537109,2360.0732421875,21.530086517334,130.418579101562,1141.33227539062,8.38144493103027,0,1,NA
"Hawai'i Island",335,19.72,-155.17,547.570251464844,20.779670715332,4111.71630859375,23.4766044616699,124.218040466309,1286.41918945312,11,0.373532913760844,5,4.80433631652444
"Hawai'i Island",336,19.36,-155.45,1368.01647949219,16.3865203857422,3803.02954101562,22.0658912658691,128.50407409668,1160.19018554688,6,0,2,1.99357064370098
"Hawai'i Island",340,20.21,-155.75,169.98176574707,23.1186466217041,1909.197265625,28.5840396881104,129.696166992188,1316.20129394531,18,0.206496519721578,1,1
"Maui Nui",345,20.98,-156.57,443.844970703125,21.3127136230469,7764.75927734375,32.5472564697266,129.003204345703,1287.3115234375,18,0.33305251333895,6,5.77009952293649
"Hawai'i Island",346,19.43,-155.1,686.228271484375,19.8554172515869,4051.09448242188,22.3960037231445,121.399887084961,1275.55041503906,34,0.42711588099443,7,6.22394471348121
"Hawai'i Island",347,20.16,-155.7,692.563171386719,19.4623146057129,2256.16625976562,27.6535778045654,131.133911132812,1244.40747070312,18,0.0948456144667241,2,1.80634337090095
"Maui Nui",348,20.85,-156.23,735.485168457031,18.8967514038086,6164.2041015625,28.6112422943115,134.235076904297,1217.68359375,18,0.395961955614884,2,2
"Maui Nui",349,20.77,-156.07,718.331970214844,18.9298191070557,5124.6474609375,27.9563674926758,132.268981933594,1217.53698730469,12,0.140208965284799,2,2
"Hawai'i Island",352,19.52,-155.18,867.491027832031,18.8735198974609,4483.2197265625,22.8255500793457,125.647079467773,1242.39880371094,14,0.658013636737041,7,6.4753023944572
"Hawai'i Island",355,19.61,-155.12,432.47705078125,21.6770114898682,4046.36108398438,22.8352756500244,122.174041748047,1317.61804199219,17,0.374511571986775,4,3.99991947872592
"Hawai'i Island",361,19.18,-155.61,1193.94860839844,16.9246959686279,2941.46264648438,20.2713851928711,125.574905395508,1200.56628417969,10,0,4,3.3666679182815
"Maui Nui",362,20.74,-156.1,1737.6728515625,13.7511291503906,5415.27001953125,29.8256092071533,124.076286315918,1101.04553222656,12,0,5,4.92329032340405
"Hawai'i Island",363,19.45,-155.21,1021.67260742188,17.9689445495605,4469.41943359375,22.6414623260498,126.738342285156,1215.76831054688,28,0,4,3.19163918362975
"Maui Nui",364,20.8,-156.21,1323.08166503906,15.5704879760742,6274.35791015625,29.1109752655029,134.867462158203,1150.994140625,12,0,3,2.99999171333206
"Maui Nui",365,20.75,-156.16,1980.04431152344,12.9246482849121,5095.935546875,29.3630962371826,121.099838256836,1074.42956542969,17,0,3,2.90215417063008
"Hawai'i Island",366,19.18,-155.64,1494.66064453125,15.548451423645,2929.31982421875,19.8735866546631,122.901580810547,1148.6767578125,10,0,3,2.99857918979654
"Hawai'i Island",367,19.14,-155.59,693.380432128906,19.8225116729736,2647.041015625,20.337230682373,123.480766296387,1293.48803710938,10,0,3,2.9999861612946
"Hawai'i Island",368,19.63,-155.27,1202.74755859375,17.0536231994629,4634.22509765625,23.3652095794678,130.028732299805,1176.83215332031,7,0,5,4.92453248644683
"Hawai'i Island",369,19.57,-155.21,958.133728027344,18.3376922607422,4532.48388671875,23.0195541381836,127.347320556641,1222.46435546875,16.9824485778809,0,4,3.8969118838043
"Hawai'i Island",370,19.25,-155.54,1286.59899902344,16.6306037902832,3276.060546875,21.0083980560303,127.100051879883,1181.12670898438,10,0,5,4.9236546588836
"Hawai'i Island",371,19.27,-155.83,1324.28503417969,16.4829940795898,983.414123535156,18.4656410217285,127.473159790039,1182.94006347656,13,0,5,4.92164407961387
"Hawai'i Island",372,20.11,-155.63,326.380249023438,20.8606929779053,2265.84423828125,26.9082069396973,129.973068237305,1278.1201171875,18,0,2,1.99999999959302
"Hawai'i Island",373,19.23,-155.57,1365.27465820312,16.2660446166992,3184.5205078125,20.6560897827148,125.838905334473,1169.47802734375,10,0,3,2.99999970604691
"Maui Nui",378,21,-156.62,204.591430664062,22.8637542724609,6047.3662109375,32.496955871582,129.224578857422,1353.40844726562,31,0.704823889739663,1,1
"Hawai'i Island",380,19.7,-155,17.593355178833,24.3219051361084,2907.37109375,22.611400604248,117.063514709473,1389.39990234375,31,0.202345415778252,2,1.99999999999999
"Hawai'i Island",385,19.57,-154.97,74.2720413208008,23.9103565216064,3346.57104492188,21.8226509094238,116.158973693848,1392.39111328125,34.1802978515625,0.0343023255813954,1,1
"Hawai'i Island",387,19.48,-154.94,236.440414428711,22.6911602020264,3647.1103515625,21.8637409210205,114.891265869141,1359.73840332031,22,0.598163203854261,3,2.89754933294277
"Maui Nui",388,20.72,-156.04,795.869567871094,18.4562091827393,4817.57373046875,29.1942596435547,133.901947021484,1211.50390625,12,0,2,2
"Hawai'i Island",389,20.04,-155.65,1062.41394042969,17.5037498474121,2482.98706054688,27.1822948455811,133.560668945312,1198.65612792969,37.8637847900391,0.610493299116054,3,2.99999999567648
"Hawai'i Island",390,19.79,-155.29,1581.896484375,15.1023435592651,4626.68701171875,23.9785938262939,126.154830932617,1107.48559570312,14,0,3,2.94284886982548
"Hawai'i Island",391,20.08,-155.72,1587.01599121094,14.838849067688,2511.63159179688,28.1834545135498,128.91438293457,1121.39831542969,18,0,3,2.72019857687529
"Hawai'i Island",392,19.55,-155.29,1535.75244140625,15.5444498062134,4928.03759765625,23.0305767059326,127.102127075195,1112.15661621094,25,0,3,2.99999976391056
"Hawai'i Island",393,19.83,-155.27,1383.64440917969,15.927661895752,4543.314453125,24.365930557251,128.616973876953,1141.25048828125,14,0,7,6.38356254471691
"Hawai'i Island",394,19.49,-155.27,1319.2802734375,16.5452651977539,4766.04736328125,22.89035987854,128.901657104492,1161.82824707031,14,0,3,2.94675542404446
"Hawai'i Island",395,19.83,-155.29,1540.13842773438,15.166561126709,4577.74609375,24.2005653381348,126.465614318848,1113.84008789062,13.9233064651489,0,3,2.56730701391831
"Hawai'i Island",396,19.14,-155.64,1195.77856445312,16.9507617950439,2718.501953125,19.9227771759033,124.897148132324,1201.63684082031,10,0,4,3.87361208131072
"Hawai'i Island",397,19.76,-155.26,1234.45141601562,16.7572650909424,4495.78466796875,24.0523586273193,129.976776123047,1167.13684082031,8.33412456512451,0,3,2.99405566568318
"Hawai'i Island",398,19.46,-155.24,1148.21911621094,17.3525161743164,4591.2080078125,22.7603874206543,128.104843139648,1193.48071289062,24,0,4,3.61077983635925
"Hawai'i Island",399,19.67,-155.31,1406.67651367188,16.0412445068359,4570.17822265625,23.6415119171143,129.495239257812,1138.61352539062,7.57338428497314,0,6,5.80879981140945
"Hawai'i Island",400,19.4,-155.83,1226.20874023438,17.0402088165283,1007.71075439453,19.2856559753418,131.13591003418,1197.14392089844,13,0,5,4.53322462492177
"Hawai'i Island",402,19.15,-155.67,1359.79028320312,16.1646118164062,2561.4501953125,19.7695465087891,124.065673828125,1174.89880371094,10,0,3,2.99999999998668
"Hawai'i Island",403,19.41,-155.22,1132.35205078125,17.3976879119873,4414.38720703125,22.6341648101807,127.045341491699,1195.37438964844,13.9250659942627,0.054524627720504,4,3.76547381295414
"Hawai'i Island",404,19.15,-155.59,729.949829101562,19.7558612823486,2644.62573242188,20.3606414794922,123.779159545898,1290.33911132812,10,0,4,3.99991452565337
"Hawai'i Island",405,19.67,-155.29,1293.60729980469,16.5845317840576,4550.35205078125,23.613748550415,130.483749389648,1159.25524902344,7,0,2,1.92059737671999
"Hawai'i Island",406,19.87,-155.27,1383.669921875,15.854323387146,4470.8203125,24.5733909606934,128.431427001953,1139.10888671875,6.1373348236084,0,3,2.57532727441537
"Maui Nui",407,20.79,-156.16,955.935241699219,17.5673770904541,5610.97021484375,27.9787826538086,137.24446105957,1190.35314941406,12,0,3,2.99346350442796
"Hawai'i Island",408,19.71,-155.29,1224.21301269531,16.8934574127197,4429.9697265625,23.8283519744873,130.574035644531,1170.88830566406,10.8943157196045,0,3,2.70498550317087
"Kaua'i Island",409,22.14,-159.62,1185.7392578125,15.9134654998779,2768.79443359375,26.611198425293,154.382049560547,1157.92248535156,18,0,3,2.99999998814277
"Hawai'i Island",410,19.68,-155.23,869.868957519531,18.7654609680176,4352.9072265625,23.4791107177734,127.293472290039,1232.57104492188,7,0,7,6.1913067344043
"Hawai'i Island",411,19.92,-155.27,1108.15246582031,17.1612567901611,4203.24658203125,24.6769046783447,128.783905029297,1182.91918945312,10,0,4,3.99341693062606
"Hawai'i Island",412,19.54,-155.23,1151.75952148438,17.3703289031982,4728.46728515625,22.9925022125244,128.71891784668,1189.18530273438,12.2036924362183,0,6,5.50938786607558
"Hawai'i Island",413,20.05,-155.61,858.469970703125,18.496826171875,2411.39770507812,25.8561153411865,131.667007446289,1225.67907714844,34.5370903015137,0.124777472082861,3,2.66951478562353
"Hawai'i Island",415,19.21,-155.53,705.182312011719,19.6869297027588,2843.21533203125,20.966968536377,125.015983581543,1286.68041992188,10,0,4,3.98939991642962
"Hawai'i Island",416,19.58,-155.89,1023.6865234375,18.0788249969482,961.597351074219,21.6241989135742,134.753265380859,1228.6416015625,22.2973899841309,0,6,5.84661713912977
"Hawai'i Island",417,19.44,-155.83,1170.63317871094,17.3417682647705,1006.28820800781,19.6380844116211,132.27717590332,1208.15356445312,13,0.157312129716246,4,3.99997309436149
"Hawai'i Island",418,19.24,-155.5,825.236022949219,19.2438144683838,3071.79370117188,21.2877254486084,125.79460144043,1266.37976074219,10,0,5,4.86110710661993
"Hawai'i Island",420,19.46,-155.02,428.594909667969,21.5151386260986,3857.7705078125,22.0565910339355,118.005668640137,1324.17785644531,18,0,3,2.89962312584557
"Hawai'i Island",421,19.1,-155.63,784.920288085938,19.238187789917,2418.34106445312,20.1257286071777,122.87060546875,1280.20043945312,10,0,5,4.98112365731712
"Hawai'i Island",423,19.47,-155.86,991.107971191406,18.3835926055908,940.124755859375,19.8837280273438,133.226119995117,1240.689453125,16.1472015380859,0,6,5.82572964730824
"Hawai'i Island",424,19.48,-155.22,1069.53247070312,17.742015838623,4612.32080078125,22.7940006256104,127.539863586426,1206.69421386719,20.922664642334,0,3,2.76048221433878
"Hawai'i Island",425,19.44,-155.15,818.836242675781,19.1098651885986,4205.31201171875,22.4709205627441,123.634475708008,1252.8623046875,19.0107192993164,0,2,2
"Hawai'i Island",426,19.7,-155.95,835.100952148438,19.106029510498,869.235046386719,24.7487087249756,136.063354492188,1259.71862792969,31.1401691436768,0,6,5.85245633470874
"Hawai'i Island",427,19.61,-155.22,895.744445800781,18.6799144744873,4446.73779296875,23.1696319580078,127.114898681641,1231.25146484375,7,0,2,1.99999998773979
"Hawai'i Island",428,19.11,-155.68,1019.82385253906,17.8793678283691,2094.91455078125,20.1973819732666,124.016311645508,1238.10986328125,10,0,2,2
"Hawai'i Island",429,19.42,-155.85,789.150939941406,19.5673484802246,869.245849609375,19.2242641448975,132.56135559082,1281.05969238281,13.3740148544312,0.265206812652068,4,3.81070804811852
"Hawai'i Island",431,19.58,-155.26,1246.40112304688,16.8177433013916,4768.08642578125,23.166446685791,129.784133911133,1169.79797363281,11,0,2,1.63507489074667
"Hawai'i Island",432,19.41,-155.23,1132.35205078125,17.3976879119873,4414.38720703125,22.6341648101807,127.045341491699,1195.37438964844,13.9250659942627,0,3,2.61862220282278
"Hawai'i Island",433,19.7,-155.27,1101.95385742188,17.4861354827881,4431.6181640625,23.7260665893555,129.771362304688,1192.89086914062,11,0,3,2.89587021182127
"Hawai'i Island",435,19.98,-155.35,977.368713378906,17.8414535522461,3693.27172851562,24.8382053375244,128.833969116211,1205.36437988281,10,0.0397039030955585,2,1.98746918109595
"O'ahu Island",437,21.37,-157.79,220.482177734375,22.1005058288574,1700.86804199219,40.6834907531738,135.782531738281,1320.62939453125,42,0.37528523784448,1,1
"Hawai'i Island",451,19.4,-154.96,163.241668701172,23.2749195098877,3596.47509765625,22.179069519043,114.30428314209,1377.37670898438,22,0.316489361702128,1,1
"Hawai'i Island",458,19.33,-155.43,934.004211425781,18.651819229126,2965.39672851562,22.4599685668945,127.550750732422,1241.68359375,12.2775344848633,0.593605076885526,2,2
"Kaua'i Island",460,22.06,-159.38,99.3939514160156,23.4752674102783,1644.92443847656,25.0198783874512,141.992248535156,1348.78820800781,38.6109733581543,0,2,1.83771087737841
"O'ahu Island",461,21.48,-157.84,11.9080219268799,24.5528602600098,1401.64294433594,39.6564331054688,136.308975219727,1337,41.5739440917969,0.246982937994174,1,1
"Hawai'i Island",463,19.38,-155.23,1047.78662109375,17.8720073699951,3928.42919921875,22.7264728546143,126.139709472656,1215.15502929688,17,0,2,1.68241698723019
"Hawai'i Island",469,19.62,-155.68,1997.00805664062,13.9899959564209,1438.47143554688,21.410005569458,121.260726928711,1061.48107910156,6,0,1,1
"Hawai'i Island",470,19.64,-155.08,205.645645141602,23.1373653411865,3786.84130859375,22.7072429656982,120.156059265137,1360.07849121094,23.7068214416504,0.581740442655936,1,1
"Hawai'i Island",471,19.69,-155.11,157.698303222656,23.502513885498,3689.48901367188,22.9227523803711,120.787185668945,1365.72021484375,34.1054229736328,0.490041208791209,1,1
"Hawai'i Island",472,19.23,-155.85,859.082397460938,19.0122756958008,839.427001953125,18.0361385345459,127.899940490723,1271.55615234375,13,0,1,1
"Hawai'i Island",473,19.09,-155.8,558.274597167969,20.7339153289795,851.884521484375,19.4100017547607,122.980560302734,1329.45056152344,14,0,1,1
"Hawai'i Island",474,19.45,-155.01,463.834167480469,21.2575531005859,3842.72314453125,22.1534671783447,117.661041259766,1317.74243164062,18,0,1,1
"Hawai'i Island",475,19.66,-155.41,1870.44812011719,14.3421831130981,4176.30224609375,22.3862323760986,122.718185424805,1070.99084472656,6,0,1,1
"Hawai'i Island",476,19.55,-155.83,1331.30383300781,16.4675674438477,1123.89501953125,21.1155300140381,132.86669921875,1174.30126953125,13.7516078948975,0,1,1
"Hawai'i Island",478,19.23,-155.63,1897.05163574219,14.174732208252,2906.65258789062,18.9595031738281,117.167770385742,1081.40698242188,7.85002660751343,0,1,1
"Hawai'i Island",481,19.38,-155.45,1521.82446289062,15.6836042404175,3993.744140625,21.9904823303223,126.758270263672,1130.92602539062,6,0,1,1
"Hawai'i Island",482,19.77,-155.81,1096.86950683594,17.5582466125488,1476.46215820312,24.0322742462158,135.846282958984,1204.84887695312,12,0,1,1
"Hawai'i Island",483,19.5,-155.32,1576.02563476562,15.3989810943604,4832.015625,22.6861724853516,126.230453491211,1109.38525390625,9.05122089385986,0,3,2.97920963365675
"Hawai'i Island",484,19.49,-155.11,590.241149902344,20.5533294677734,4103.05615234375,22.4377956390381,121.866188049316,1292.45056152344,24,0.351092896174863,1,1
"Hawai'i Island",485,19.38,-155.26,1080.74267578125,17.7104072570801,3549.96923828125,23.03200340271,126.890602111816,1208.70532226562,17,0.331460674157303,1,1
"Hawai'i Island",486,20.12,-155.68,1083.97119140625,17.0644588470459,2594.70703125,27.9010410308838,133.548324584961,1188.70690917969,18,0,1,1
"Hawai'i Island",487,19.47,-155.31,1443.50915527344,15.9915075302124,4594.93359375,22.8756675720215,127.93635559082,1139.80541992188,7,0,2,1.99999999999987
"Hawai'i Island",488,19.65,-155.92,1038.97265625,17.9413356781006,938.550720214844,23.3589668273926,135.421096801758,1225.16748046875,16.0968036651611,0.566535654126895,1,1
"Hawai'i Island",489,19.74,-155.91,1328.50305175781,16.246187210083,1949.31201171875,20.3165378570557,133.526229858398,1167.81408691406,12,0,1,1
"Hawai'i Island",490,19.68,-155.39,1763.25354003906,14.6324167251587,4340.09814453125,22.6523380279541,124.27449798584,1084.50610351562,10,0,1,1
"Hawai'i Island",491,19.72,-155.81,1402.63952636719,15.9563541412354,2273.544921875,22.0150947570801,132.663070678711,1154.14660644531,8.70813274383545,0,1,1
"Hawai'i Island",492,19.49,-155.05,418.87939453125,21.66184425354,3930.75073242188,22.192455291748,119.144584655762,1325.58020019531,18,0,1,1
"Hawai'i Island",493,19.33,-155.52,1984.66821289062,14.0855321884155,3632.86547851562,20.1230506896973,118.756828308105,1061.96154785156,6,0,1,1
"Hawai'i Island",494,19.32,-155.25,828.824951171875,19.187572479248,3027.25219726562,24.3199615478516,123.976844787598,1257.14038085938,10,0,1,1
"Hawai'i Island",495,19.47,-155.81,1457.39001464844,15.89430809021,1147.29760742188,20.1639938354492,129.547241210938,1151.30114746094,12.5782871246338,0,1,1
"Hawai'i Island",496,19.4,-154.94,67.7932434082031,23.9829444885254,3191.84301757812,22.1363334655762,113.372680664062,1395.25952148438,22,0.225840236123012,1,1
"Hawai'i Island",497,20.17,-155.79,757.68603515625,19.0085029602051,1916.58740234375,27.6279067993164,132.892379760742,1238.07995605469,21.7346649169922,0,1,1
"Hawai'i Island",498,19.3,-155.38,718.781433105469,19.9168643951416,1846.47900390625,25.336332321167,125.200119018555,1281.3681640625,10,0,1,1
"Hawai'i Island",499,19.17,-155.79,1409.61071777344,15.9599380493164,1069.56896972656,19.4795799255371,123.886764526367,1168.7060546875,11.1871566772461,0,1,1
"Hawai'i Island",500,19.14,-155.81,903.450012207031,18.6111869812012,896.351257324219,18.9748249053955,125.299560546875,1263.37036132812,10,0,1,1
"Hawai'i Island",501,19.6,-155.86,1325.27685546875,16.4806842803955,1110.91589355469,22.2478332519531,133.52702331543,1175.24584960938,12,0,2,1.99869922447577
"Hawai'i Island",503,19.66,-155.93,939.051025390625,18.4729270935059,905.623229980469,23.4972953796387,135.619430541992,1242.65283203125,24.7707595825195,0.102303988995873,1,1
"Hawai'i Island",504,19.17,-155.7,1627.09289550781,14.9828758239746,2468.55688476562,18.7761287689209,120.062057495117,1127.4443359375,6,0,1,1
"Hawai'i Island",505,19.11,-155.79,737.40380859375,19.5747509002686,894.569763183594,19.5648136138916,123.996963500977,1295.35961914062,24,0,1,1
"Hawai'i Island",506,19.76,-155.32,1653.38940429688,14.9111156463623,4564.9365234375,23.6548328399658,125.414054870605,1099.36547851562,7,0,1,1
"Hawai'i Island",507,19.96,-155.25,547.955688476562,20.4786071777344,3801.93237304688,24.643253326416,124.194984436035,1271.69580078125,10,0.276443169594837,1,1
"Hawai'i Island",508,19.52,-155.83,1384.89001464844,16.2748527526855,1131.98767089844,20.718412399292,131.695358276367,1166.59851074219,15.5556182861328,0,1,1
"Hawai'i Island",509,19.61,-155.39,1954.41552734375,14.1376390457153,4276.14990234375,22.0457878112793,121.419021606445,1057.73120117188,10,0,1,1
"Hawai'i Island",512,19.81,-155.56,2673.625,12.0590381622314,1276.07775878906,24.8074893951416,132.696319580078,957.814697265625,6,0,1,1
"Hawai'i Island",513,19.53,-155.75,1867.72924804688,14.3435382843018,1245.6787109375,19.8705406188965,121.991439819336,1083.92456054688,8,0,2,2
"Hawai'i Island",514,19.8,-155.55,2699.46240234375,11.9470901489258,1278.64172363281,24.7655048370361,133.467742919922,952.768920898438,6,0,2,2
"Hawai'i Island",528,19.13,-155.54,160.463287353516,23.527868270874,2404.57055664062,20.719030380249,122.034286499023,1380.20617675781,14,0.663928622008214,1,1
"Hawai'i Island",534,19.66,-155.7,1676.20581054688,14.9387445449829,1450.13940429688,22.3473167419434,126.948028564453,1109.03381347656,5.45349550247192,0,1,1
