"PlotIDn","Long_Dec","Lat_Dec","MAT","MAP","PrecipSeasonality","TempSeasonality","Elev_m","HFP","HII","PET","SubstrateAge_range","SubstrateAge_code"
1,-157.880206,21.406344,21.5403957366943,1157.84130859375,43.1881370544434,136.055297851562,339.453002929688,59,38,1324.67602539062,2400000,3e+06
2,-154.910211,19.443586,23.1727542877197,3621.98022460938,22.107816696167,113.452323913574,156.561828613281,34,22,1376.17248535156,575,475
3,-154.910211,19.443586,23.1727542877197,3621.98022460938,22.107816696167,113.452323913574,156.561828613281,34,22,1376.17248535156,575,475
4,-154.910211,19.443586,23.1727542877197,3621.98022460938,22.107816696167,113.452323913574,156.561828613281,34,22,1376.17248535156,575,475
5,-154.910211,19.443586,23.1727542877197,3621.98022460938,22.107816696167,113.452323913574,156.561828613281,34,22,1376.17248535156,575,475
6,-154.910211,19.443586,23.1727542877197,3621.98022460938,22.107816696167,113.452323913574,156.561828613281,34,22,1376.17248535156,575,475
7,-154.910211,19.443586,23.1727542877197,3621.98022460938,22.107816696167,113.452323913574,156.561828613281,34,22,1376.17248535156,575,475
8,-154.910211,19.443586,23.1727542877197,3621.98022460938,22.107816696167,113.452323913574,156.561828613281,34,22,1376.17248535156,575,475
9,-154.910211,19.443586,23.1727542877197,3621.98022460938,22.107816696167,113.452323913574,156.561828613281,34,22,1376.17248535156,575,475
10,-154.910211,19.443586,23.1727542877197,3621.98022460938,22.107816696167,113.452323913574,156.561828613281,34,22,1376.17248535156,575,475
11,-154.910211,19.443586,23.1727542877197,3621.98022460938,22.107816696167,113.452323913574,156.561828613281,34,22,1376.17248535156,575,475
12,-154.910211,19.443586,23.1727542877197,3621.98022460938,22.107816696167,113.452323913574,156.561828613281,34,22,1376.17248535156,575,475
13,-154.910211,19.443586,23.1727542877197,3621.98022460938,22.107816696167,113.452323913574,156.561828613281,34,22,1376.17248535156,575,475
14,-154.910211,19.443586,23.1727542877197,3621.98022460938,22.107816696167,113.452323913574,156.561828613281,34,22,1376.17248535156,575,475
15,-156.228992,20.779832,13.525860786438,5842.95849609375,29.7213726043701,122.781837463379,1788.17199707031,18.8718223571777,12.5812149047852,1095.63366699219,545000,460000
16,-155.184747,19.327124,19.5342235565186,3323.47241210938,23.4604682922363,122.162826538086,756.222351074219,26.8870391845703,17.4435195922852,1270.24926757812,1033.5,475
17,-155.183294,19.326618,19.5342235565186,3323.47241210938,23.4604682922363,122.162826538086,756.222351074219,26.8870391845703,17.4435195922852,1270.24926757812,1033.5,475
18,-155.252263,19.403232,17.5013084411621,3420.55249023438,22.8947734832764,127.433319091797,1138.06494140625,23.7509155273438,15.5006103515625,1200.08142089844,1033.5,475
19,-156.135134499624,20.7075815949577,13.1612777709961,4586.7509765625,31.4591827392578,120.507362365723,2070.2197265625,26,17,1074.42236328125,545000,460000
20,-156.088305797246,20.6904834609909,17.6254615783691,4540.97607421875,30.3139305114746,136.228179931641,857.963195800781,21.90207862854,14.2297592163086,1196.24755859375,21500,20000
21,-156.113628210961,20.7316590594055,13.3954172134399,5223.0634765625,30.2008228302002,121.8125,1930.119140625,18,12,1090.11169433594,545000,460000
22,-156.11424837775,20.7065374748014,14.0255308151245,5134.212890625,30.5250587463379,126.035057067871,1590.33435058594,18,12,1113.62927246094,21500,20000
23,-156.112575583867,20.7062115118964,14.0255308151245,5134.212890625,30.5250587463379,126.035057067871,1590.33435058594,18,12,1113.62927246094,21500,20000
24,-156.095650890638,20.6961863305729,16.220552444458,4954.8154296875,30.1583728790283,135.382125854492,1176.279296875,18,12,1166.31677246094,21500,20000
25,-156.090412820619,20.6921710531845,17.6254615783691,4540.97607421875,30.3139305114746,136.228179931641,857.963195800781,21.90207862854,14.2297592163086,1196.24755859375,21500,20000
26,-156.104872469679,20.7056577985689,15.101393699646,5179.6142578125,30.1449146270752,131.991790771484,1409.28540039062,18,12,1143.849609375,21500,20000
27,-156.123122471808,20.7131677139381,13.3840446472168,5025.56005859375,30.66330909729,121.919822692871,1856.66162109375,23.5614547729492,15.4759092330933,1093.80102539062,21500,20000
28,-156.1110556532,20.6932679431706,14.8085508346558,5118.361328125,30.4222030639648,130.552505493164,1555.69702148438,18,12,1129.60656738281,545000,460000
29,-156.09242991326,20.683484863738,17.9929065704346,4463.966796875,30.3314247131348,135.3486328125,943.45068359375,24.3510417938232,15.6291666030884,1198.62194824219,545000,460000
30,-156.092158019284,20.6811422302236,17.9929065704346,4463.966796875,30.3314247131348,135.3486328125,943.45068359375,24.3510417938232,15.6291666030884,1198.62194824219,545000,460000
31,-156.106695471761,20.7137317487841,15.3089647293091,5214.3828125,29.9498615264893,133.138275146484,1319.6806640625,18,12,1151.33508300781,21500,20000
32,-156.099386417312,20.7141322374686,16.2944717407227,5082.20654296875,29.7493267059326,135.658309936523,1137.84997558594,18,12,1170.78845214844,21500,20000
33,-156.099415260639,20.7131216759929,16.2944717407227,5082.20654296875,29.7493267059326,135.658309936523,1137.84997558594,18,12,1170.78845214844,21500,20000
34,-156.081391960053,20.6888408184836,18.7226409912109,4204.1162109375,30.4161891937256,133.508895874023,770.795837402344,21.90207862854,14.2297592163086,1217.57739257812,21500,20000
35,-156.084016110217,20.690067833358,17.6254615783691,4540.97607421875,30.3139305114746,136.228179931641,857.963195800781,21.90207862854,14.2297592163086,1196.24755859375,21500,20000
36,-156.11202893071,20.6945571223736,14.8085508346558,5118.361328125,30.4222030639648,130.552505493164,1555.69702148438,18,12,1129.60656738281,545000,460000
37,-156.082058748661,20.6890868246579,18.7226409912109,4204.1162109375,30.4161891937256,133.508895874023,770.795837402344,21.90207862854,14.2297592163086,1217.57739257812,21500,20000
38,-156.09255117472,20.6851749961907,17.6254615783691,4540.97607421875,30.3139305114746,136.228179931641,857.963195800781,21.90207862854,14.2297592163086,1196.24755859375,545000,460000
39,-156.100350007875,20.7169378931642,15.3089647293091,5214.3828125,29.9498615264893,133.138275146484,1319.6806640625,18,12,1151.33508300781,21500,20000
40,-156.100467405907,20.7158114701556,15.3089647293091,5214.3828125,29.9498615264893,133.138275146484,1319.6806640625,18,12,1151.33508300781,21500,20000
41,-156.110406403513,20.6920925261221,15.2654399871826,4923.5302734375,30.6642894744873,132.563110351562,1449.76135253906,18,12,1140.27526855469,545000,460000
42,-156.09867188485,20.7113488341472,16.2944717407227,5082.20654296875,29.7493267059326,135.658309936523,1137.84997558594,18,12,1170.78845214844,21500,20000
43,-156.100745059114,20.7183618258824,14.7510251998901,5261.39013671875,29.9861354827881,130.117126464844,1435.18444824219,18,12,1136.26428222656,21500,20000
44,-156.080541561721,20.6816498409796,19.2267379760742,4183.55859375,30.2886390686035,131.381362915039,697.228210449219,25,16,1228.76989746094,21500,20000
45,-156.090071158121,20.7055435416876,17.5408668518066,4629.04833984375,29.9616451263428,136.446472167969,889.329528808594,18,12,1196.32727050781,21500,20000
46,-156.109147474883,20.7063706079119,15.101393699646,5179.6142578125,30.1449146270752,131.991790771484,1409.28540039062,18,12,1143.849609375,21500,20000
47,-156.103513612238,20.7110241940671,15.3089647293091,5214.3828125,29.9498615264893,133.138275146484,1319.6806640625,18,12,1151.33508300781,21500,20000
48,-156.094607065711,20.7292804288692,14.2202701568604,5398.0654296875,29.9120693206787,127.096687316895,1684.25317382812,18,12,1112.96264648438,21500,20000
49,-156.099811403135,20.6988653456357,16.220552444458,4954.8154296875,30.1583728790283,135.382125854492,1176.279296875,18,12,1166.31677246094,21500,20000
50,-157.743028,21.316545,20.281530380249,1566.4609375,42.5984764099121,136.165542602539,520.615417480469,59,38,1279.30944824219,2400000,3e+06
51,-155.411498170078,19.4895190952694,13.4730634689331,4119.33642578125,21.4125537872314,121.647369384766,2274.70825195312,9,6,1014.90368652344,2250,2250
52,-155.545551877565,19.3107616433695,13.8899250030518,3439.88891601562,19.8680229187012,117.90111541748,2043.45825195312,9,6,1051.56616210938,1125,1125
53,-155.554061586832,19.3423661346721,13.2066488265991,3250.70166015625,19.9098834991455,121.030670166016,2353.45874023438,9,6,1006.62286376953,2250,2250
54,-155.7421494549,19.4060048852486,13.4571018218994,1067.90307617188,18.6566009521484,119.05834197998,2215.24047851562,12,8,1032.06518554688,2250,2250
55,-155.406926008077,19.484929014037,13.6529474258423,4235.931640625,21.4455585479736,120.685928344727,2197.064453125,9,6,1026.13452148438,2250,2250
56,-155.391786410486,19.4902051380758,13.8820343017578,4348.9765625,21.4789237976074,120.279067993164,2089.02612304688,9,6,1040.94934082031,2250,2250
57,-155.550890013405,19.3317277213529,13.381947517395,3277.00512695312,19.8703594207764,119.428276062012,2269.64697265625,9,6,1019.95690917969,1125,1125
58,-155.555882314787,19.297965687704,13.9624319076538,3382.80322265625,19.7265758514404,117.718391418457,2015.8681640625,11.4256191253662,7.61707973480225,1058.96423339844,2250,2250
59,-155.574358357426,19.2959270071373,13.5916786193848,3176.82104492188,19.5748081207275,117.65828704834,2161.48193359375,9,6,1036.3330078125,2250,2250
60,-155.560506846501,19.3023889088873,13.8180913925171,3356.97827148438,19.7554302215576,117.604202270508,2062.90893554688,9,6,1051.03405761719,2250,2250
61,-155.600690246458,19.2668560399663,13.9541387557983,3096.17700195312,19.2953510284424,116.957847595215,1991.40942382812,13.3001146316528,8.86674308776855,1062.90551757812,1125,1125
62,-155.527164124727,19.3292047195785,14.0855321884155,3632.86547851562,20.1230506896973,118.756828308105,1984.66821289062,9,6,1061.96154785156,1125,1125
63,-155.554579520583,19.3493573442372,13.0123243331909,3224.07592773438,19.9500999450684,123.18815612793,2436.86645507812,9,6,995.442565917969,2250,2250
64,-155.403735482884,19.5132564145204,13.3082361221313,4148.5859375,21.5929565429688,123.221542358398,2348.66796875,9,6,1002.78820800781,8000,7500
65,-155.740004375435,19.3944076717657,13.432689666748,1059.93469238281,18.5918140411377,118.998748779297,2227.35546875,12.879732131958,8.439866065979,1029.64758300781,2250,2250
66,-155.552124478822,19.3266895790475,13.381947517395,3277.00512695312,19.8703594207764,119.428276062012,2269.64697265625,9,6,1019.95690917969,1125,1125
67,-155.583347900272,19.2754549822518,14.1172924041748,3269.49536132812,19.4968643188477,117.805503845215,1946.40856933594,12.0119791030884,8.00798606872559,1070.54699707031,1125,1125
68,-155.565224744248,19.3103415040503,13.4965696334839,3231.369140625,19.7180557250977,118.387565612793,2217.3134765625,9,6,1027.43542480469,2250,2250
69,-155.560040835352,19.3084999252017,13.8180913925171,3356.97827148438,19.7554302215576,117.604202270508,2062.90893554688,9,6,1051.03405761719,2250,2250
70,-155.554350831744,19.3383345667375,13.2066488265991,3250.70166015625,19.9098834991455,121.030670166016,2353.45874023438,9,6,1006.62286376953,2250,2250
71,-155.591915228488,19.2554672899543,14.3132457733154,3238.45458984375,19.3841743469238,118.389625549316,1861.71008300781,15,10,1081.97644042969,20500,20000
72,-155.683889194518,19.1432738389637,16.3639373779297,2386.5712890625,19.7819194793701,124.365776062012,1307.71276855469,15,10,1183.9169921875,2250,2250
73,-155.680148282049,19.1222440072903,17.063835144043,2327.53393554688,19.9020690917969,124.526573181152,1171.9892578125,15,10,1209.92944335938,2250,2250
74,-155.679154107447,19.1041809102729,17.8793678283691,2094.91455078125,20.1973819732666,124.016311645508,1019.82385253906,15,10,1238.10986328125,2250,2250
75,-155.68128792746,19.1239881922151,17.0228672027588,2147.09692382812,20.1417903900146,124.531188964844,1177.24523925781,15,10,1208.81408691406,2250,2250
76,-155.679507713742,19.1078508767305,17.8793678283691,2094.91455078125,20.1973819732666,124.016311645508,1019.82385253906,15,10,1238.10986328125,2250,2250
77,-155.682259169056,19.1329495805133,16.6811695098877,2279.67944335938,19.9076519012451,124.603546142578,1242.87731933594,15,10,1195.23022460938,2250,2250
78,-155.579799994012,19.2656802620036,14.3626327514648,3305.49926757812,19.5320339202881,118.797813415527,1860.05505371094,15,10,1083.83911132812,1125,1125
79,-155.604026943525,19.2451272863195,14.2682085037231,3166.18798828125,19.2474365234375,117.996520996094,1883.505859375,15,10,1081.90319824219,2250,2250
80,-155.664037144528,19.1908970631664,14.9487533569336,2780.55908203125,19.168773651123,120.306602478027,1652.56994628906,15,10,1123.16613769531,475,475
81,-155.608034323164,19.2400133446564,14.2546806335449,3089.08422851562,19.1283588409424,117.751029968262,1875.61877441406,15,10,1081.5283203125,2250,2250
82,-155.600402175363,19.2516082987534,14.2682085037231,3166.18798828125,19.2474365234375,117.996520996094,1883.505859375,15,10,1081.90319824219,2250,2250
83,-155.608965711679,19.2448040587541,14.1091165542603,3059.419921875,19.1524391174316,117.222312927246,1928.4296875,15,10,1073.90380859375,2250,2250
84,-155.661838998027,19.1925001795034,14.9487533569336,2780.55908203125,19.168773651123,120.306602478027,1652.56994628906,15,10,1123.16613769531,475,475
85,-155.678143831242,19.1057397075502,17.8793678283691,2094.91455078125,20.1973819732666,124.016311645508,1019.82385253906,15,10,1238.10986328125,2250,2250
86,-155.671083862622,19.0967312383371,18.4366416931152,2214.5634765625,19.9346580505371,123.561935424805,918.692626953125,15,10,1257.20385742188,2250,2250
87,-155.683902712144,19.1200130798578,17.0228672027588,2147.09692382812,20.1417903900146,124.531188964844,1177.24523925781,15,10,1208.81408691406,2250,2250
88,-155.686461339889,19.1425228960872,16.3639373779297,2386.5712890625,19.7819194793701,124.365776062012,1307.71276855469,15,10,1183.9169921875,2250,2250
89,-155.686238044959,19.1398804591377,16.3639373779297,2386.5712890625,19.7819194793701,124.365776062012,1307.71276855469,15,10,1183.9169921875,2250,2250
90,-155.68572325221,19.1344882206077,16.6811695098877,2279.67944335938,19.9076519012451,124.603546142578,1242.87731933594,15,10,1195.23022460938,2250,2250
91,-155.675401426198,19.0970568203496,18.3709259033203,1984.54064941406,20.2963066101074,123.641784667969,937.442260742188,15,10,1254.31677246094,2250,2250
92,-155.683844219774,19.1169799437513,17.4185276031494,1985.20568847656,20.4804210662842,124.335594177246,1106.60607910156,15,10,1222.37817382812,2250,2250
93,-155.605898351223,19.2432223742085,14.4433374404907,3190.65600585938,19.2812442779541,118.725410461426,1811.88537597656,15,10,1092.88842773438,2250,2250
94,-155.677082015232,19.1217920382226,17.063835144043,2327.53393554688,19.9020690917969,124.526573181152,1171.9892578125,15,10,1209.92944335938,2250,2250
95,-155.578201057247,19.2692336450018,14.1172924041748,3269.49536132812,19.4968643188477,117.805503845215,1946.40856933594,12.0119791030884,8.00798606872559,1070.54699707031,1125,1125
96,-155.563582334876,19.2812419500488,14.1226625442505,3333.82495117188,19.6251258850098,118.026145935059,1963.00207519531,10.0559949874878,6.7039966583252,1068.73681640625,20500,20000
97,-155.660210412886,19.1934719514179,14.9487533569336,2780.55908203125,19.168773651123,120.306602478027,1652.56994628906,15,10,1123.16613769531,475,475
98,-155.684212244719,19.1509082514948,16.0628471374512,2473.63354492188,19.7146835327148,123.773979187012,1372.50354003906,15,10,1171.7646484375,2250,2250
99,-155.680511500287,19.1259138195881,17.0228672027588,2147.09692382812,20.1417903900146,124.531188964844,1177.24523925781,15,10,1208.81408691406,2250,2250
100,-155.68010685432,19.113196797704,17.4265727996826,2217.38916015625,20.0420379638672,124.310127258301,1103.42919921875,15,10,1222.72509765625,2250,2250
101,-155.223899691828,19.3756536653444,18.0664463043213,3771.9208984375,22.8023529052734,125.793556213379,1008.01971435547,26,17,1225.71325683594,300,475
102,-155.227346239639,19.3820512746222,17.8720073699951,3928.42919921875,22.7264728546143,126.139709472656,1047.78662109375,26,17,1215.15502929688,300,475
103,-155.167902044014,19.3592587798729,18.9737529754639,3840.30395507812,22.7073955535889,122.995376586914,835.273193359375,34,22,1252.36938476562,575,475
104,-155.117763161574,19.3544114828752,19.7719860076904,3888.57055664062,22.5885429382324,120.746536254883,696.8935546875,51.4772644042969,33.3181762695312,1277.81420898438,575,475
105,-155.139633361671,19.3698450204031,19.2527866363525,3915.26635742188,22.6261672973633,122.118782043457,794.221313476562,36.689094543457,23.7064685821533,1261.51770019531,575,475
106,-155.154253912668,19.3533511025826,19.0448398590088,3877.6474609375,22.6639041900635,122.656181335449,830.150695800781,34,22,1254.359375,575,475
107,-155.154523838139,19.3586860079112,19.0448398590088,3877.6474609375,22.6639041900635,122.656181335449,830.150695800781,34,22,1254.359375,575,475
108,-155.143011995836,19.3523727892095,19.1718883514404,3925.46557617188,22.6155681610107,122.233863830566,801.093383789062,34,22,1259.45275878906,575,475
109,-155.139969445707,19.3365205923323,19.6934204101562,3858.41796875,22.6083698272705,121.108932495117,722.704528808594,34,22,1275.0498046875,575,475
110,-155.218127837685,19.3781356890683,17.9475975036621,3999.50024414062,22.6668033599854,125.866539001465,1026.16723632812,26,17,1217.58068847656,300,475
111,-155.123203612092,19.3732891764644,19.4328765869141,3845.50244140625,22.6535491943359,121.661979675293,757.687622070312,38.4828224182129,25.0517635345459,1267.00170898438,300,475
112,-155.233072758158,19.3978772110509,17.4589157104492,4119.1689453125,22.721342086792,126.95849609375,1130.52844238281,23.7055950164795,15.4703960418701,1201.85546875,1033.5,475
113,-155.162682967342,19.3531789157941,19.0448398590088,3877.6474609375,22.6639041900635,122.656181335449,830.150695800781,34,22,1254.359375,575,475
114,-155.116714207279,19.3505577736643,19.9003772735596,3899.1005859375,22.5568351745605,120.446060180664,686.716247558594,49.2600402832031,31.8400268554688,1280.55944824219,575,475
115,-155.139304403031,19.3446304654864,19.4765911102295,3903.4521484375,22.6013221740723,121.496475219727,756.766052246094,36.0661392211914,23.2396831512451,1267.51062011719,575,475
116,-155.120244448144,19.3446455891584,19.9003772735596,3899.1005859375,22.5568351745605,120.446060180664,686.716247558594,49.2600402832031,31.8400268554688,1280.55944824219,575,475
117,-155.229083220181,19.3852002007579,17.6886367797852,4103.68994140625,22.675313949585,126.45881652832,1083.06018066406,26.2042064666748,17.1021022796631,1208.53173828125,300,475
118,-155.119839642715,19.3604481087408,19.688159942627,3860.78271484375,22.6225090026855,120.976943969727,706.316528320312,45.5879859924316,29.4924926757812,1276.01196289062,575,475
119,-155.157945513526,19.3634235606367,18.8928451538086,3959.49926757812,22.6227893829346,122.99674987793,867.622924804688,34,22,1248.72534179688,575,475
120,-155.12548134628,19.3735245182658,19.4328765869141,3845.50244140625,22.6535491943359,121.661979675293,757.687622070312,38.4828224182129,25.0517635345459,1267.00170898438,300,475
121,-155.13097607589,19.3510688630787,19.6644477844238,3908.77319335938,22.5754795074463,121.012664794922,721.739929199219,45.4218711853027,29.2812461853027,1274.71447753906,575,475
122,-155.255115670633,19.499022618665,16.7476692199707,4807.50244140625,22.8964309692383,129.072372436523,1284.46374511719,21,14,1167.0966796875,8000,7500
123,-155.230487276563,19.4685293289264,17.5258445739746,4610.81494140625,22.78395652771,127.863868713379,1120.60534667969,37,24,1198.75439453125,8000,7500
124,-155.214078862257,19.4775638486691,17.742015838623,4612.32080078125,22.7940006256104,127.539863586426,1069.53247070312,32.0762634277344,20.922664642334,1206.69421386719,8000,7500
125,-155.236486925788,19.5177690551356,17.3432140350342,4742.5166015625,22.9383220672607,128.635238647461,1159.39916992188,21,14,1191.12133789062,1125,1125
126,-155.263877585745,19.4976306917398,16.5108509063721,4814.21533203125,22.9091911315918,128.904449462891,1322.38781738281,21,14,1159.357421875,8000,7500
127,-155.263030962624,19.4935950898471,16.7476692199707,4807.50244140625,22.8964309692383,129.072372436523,1284.46374511719,21,14,1167.0966796875,8000,7500
128,-155.24763251289,19.5019878384174,17.0249309539795,4799.4912109375,22.9044075012207,128.948806762695,1217.9658203125,21,14,1178.32800292969,8000,7500
129,-155.26652888783,19.4965227294449,16.5108509063721,4814.21533203125,22.9091911315918,128.904449462891,1322.38781738281,21,14,1159.357421875,8000,7500
130,-155.251560812603,19.4940362175167,17.0279388427734,4784.859375,22.8815174102783,128.868209838867,1214.54479980469,21,14,1178.5263671875,8000,7500
131,-155.249886218083,19.4748555348422,17.1347370147705,4636.3056640625,22.8123798370361,128.555435180664,1194.52514648438,37,24,1187.09399414062,8000,7500
132,-155.250529841676,19.4780176852142,17.0588417053223,4693.30712890625,22.8417091369629,128.69612121582,1208.25280761719,34.8704376220703,22.6690235137939,1181.35278320312,8000,7500
133,-155.222920882009,19.4848752208602,17.7352333068848,4642.55712890625,22.8137531280518,127.618446350098,1074.30932617188,21,14,1205.5126953125,8000,7500
134,-155.267776437572,19.4965161290474,16.5108509063721,4814.21533203125,22.9091911315918,128.904449462891,1322.38781738281,21,14,1159.357421875,8000,7500
135,-155.232012290153,19.5123872063941,17.322774887085,4750.9140625,22.9124984741211,128.591247558594,1155.1796875,21,14,1191.28332519531,1125,1125
136,-155.23307533905,19.4767164250015,17.4933700561523,4648.5654296875,22.8109474182129,127.97004699707,1122.31237792969,36.7490196228027,23.8431358337402,1197.32080078125,8000,7500
137,-155.248491889075,19.4711156344053,17.1347370147705,4636.3056640625,22.8123798370361,128.555435180664,1194.52514648438,37,24,1187.09399414062,8000,7500
138,-155.255682705051,19.5062589824451,16.7560234069824,4824.74755859375,22.9185333251953,129.183517456055,1270.7763671875,21,14,1167.423828125,20500,20000
139,-155.239026439267,19.5147300358387,17.322774887085,4750.9140625,22.9124984741211,128.591247558594,1155.1796875,21,14,1191.28332519531,20500,20000
140,-155.247760319616,19.5112347589604,17.0487308502197,4793.0615234375,22.9294013977051,129.002838134766,1207.91235351562,21,14,1179.41967773438,1125,1125
141,-158.096661111111,21.4177555555556,19.6965808868408,2548.84594726562,40.1093215942383,141.12043762207,669.104553222656,53,34,1291.51672363281,3010000,3e+06
142,-156.277379,20.827244,18.3375282287598,3694.85180664062,30.7635726928711,137.416351318359,837.3251953125,44.8498268127441,29.1098976135254,1207.93395996094,545000,460000
143,-158.19395,21.536533,20.4544258117676,2952.50317382812,37.1106491088867,138.837432861328,547.257141113281,28,18,1308.02575683594,3010000,3e+06
144,-156.907542101066,21.1463179889582,17.6044330596924,5184.23193359375,37.0196342468262,142.805328369141,1051.2490234375,28.9984130859375,18.6656093597412,1178.31628417969,1400000,1500000
145,-156.907504360639,21.1407815140105,17.2214317321777,5418.4287109375,38.0075378417969,143.274169921875,1056.06884765625,30.274227142334,19.5161514282227,1172.63220214844,1400000,1500000
146,-156.905834858542,21.1486088054269,17.6044330596924,5184.23193359375,37.0196342468262,142.805328369141,1051.2490234375,28.9984130859375,18.6656093597412,1178.31628417969,1400000,1500000
147,-156.908721743235,21.123998855002,16.3730297088623,5567.81396484375,38.9252052307129,143.175720214844,1202.65063476562,29.4374866485596,18.958324432373,1164.94519042969,1400000,1500000
148,-156.903254853603,21.145876589566,17.6044330596924,5184.23193359375,37.0196342468262,142.805328369141,1051.2490234375,28.9984130859375,18.6656093597412,1178.31628417969,1400000,1500000
149,-156.910251673945,21.1405084013762,17.2214317321777,5418.4287109375,38.0075378417969,143.274169921875,1056.06884765625,30.274227142334,19.5161514282227,1172.63220214844,1400000,1500000
150,-156.90073319951,21.1431089401108,18.0986251831055,4991.6171875,36.8297882080078,140.844696044922,1046.26647949219,28,18,1181.95947265625,1400000,1500000
151,-156.915264716171,21.1557965495072,19.7282810211182,4371.6806640625,35.3402214050293,137.006774902344,634.204345703125,30.302885055542,19.5352573394775,1198.32275390625,1400000,1500000
152,-156.909560009539,21.1308005398486,16.7445983886719,5616.62109375,38.4846496582031,143.437133789062,1075.2646484375,33.3269271850586,21.5512866973877,1169.109375,1400000,1500000
153,-156.916488637046,21.1584577217569,22.4728183746338,3808.90600585938,34.5051536560059,133.106994628906,431.334228515625,27.2278671264648,17.4852447509766,1204.41442871094,1400000,1500000
154,-156.905669774241,21.1357014603087,17.2214317321777,5418.4287109375,38.0075378417969,143.274169921875,1056.06884765625,30.274227142334,19.5161514282227,1172.63220214844,1400000,1500000
155,-156.907772063552,21.1230840232132,16.3730297088623,5567.81396484375,38.9252052307129,143.175720214844,1202.65063476562,29.4374866485596,18.958324432373,1164.94519042969,1400000,1500000
156,-156.904154973543,21.1386900366261,17.2214317321777,5418.4287109375,38.0075378417969,143.274169921875,1056.06884765625,30.274227142334,19.5161514282227,1172.63220214844,1400000,1500000
157,-156.908203660716,21.1314249917013,16.7445983886719,5616.62109375,38.4846496582031,143.437133789062,1075.2646484375,33.3269271850586,21.5512866973877,1169.109375,1400000,1500000
158,-156.908349860167,21.14500944762,17.6044330596924,5184.23193359375,37.0196342468262,142.805328369141,1051.2490234375,28.9984130859375,18.6656093597412,1178.31628417969,1400000,1500000
159,-156.907023845597,21.1372986336997,17.2214317321777,5418.4287109375,38.0075378417969,143.274169921875,1056.06884765625,30.274227142334,19.5161514282227,1172.63220214844,1400000,1500000
160,-156.904348259898,21.1345291380334,17.2214317321777,5418.4287109375,38.0075378417969,143.274169921875,1056.06884765625,30.274227142334,19.5161514282227,1172.63220214844,1400000,1500000
161,-156.907216843378,21.1427467192195,17.6044330596924,5184.23193359375,37.0196342468262,142.805328369141,1051.2490234375,28.9984130859375,18.6656093597412,1178.31628417969,1400000,1500000
162,-156.907810643895,21.1436481307824,17.6044330596924,5184.23193359375,37.0196342468262,142.805328369141,1051.2490234375,28.9984130859375,18.6656093597412,1178.31628417969,1400000,1500000
163,-156.899934908958,21.1314490696631,17.0329074859619,5739.89306640625,38.2853202819824,142.396255493164,975.746520996094,29.2610607147217,18.8407077789307,1156.10632324219,1400000,1500000
164,-156.904268705022,21.1442906626711,17.6044330596924,5184.23193359375,37.0196342468262,142.805328369141,1051.2490234375,28.9984130859375,18.6656093597412,1178.31628417969,1400000,1500000
165,-156.899266082804,21.1379250174543,17.3879699707031,5395.96484375,37.8696746826172,142.364151000977,1162.51940917969,28,18,1169.88708496094,1400000,1500000
166,-156.902916678906,21.141862640184,17.6044330596924,5184.23193359375,37.0196342468262,142.805328369141,1051.2490234375,28.9984130859375,18.6656093597412,1178.31628417969,1400000,1500000
167,-156.904525200004,21.1370058230144,17.2214317321777,5418.4287109375,38.0075378417969,143.274169921875,1056.06884765625,30.274227142334,19.5161514282227,1172.63220214844,1400000,1500000
168,-156.910959815449,21.1538469285018,19.5233135223389,4631.06982421875,35.564094543457,138.755508422852,590.881286621094,28.3884449005127,18.2589626312256,1191.24133300781,1400000,1500000
169,-156.906413699527,21.1464665903276,17.6044330596924,5184.23193359375,37.0196342468262,142.805328369141,1051.2490234375,28.9984130859375,18.6656093597412,1178.31628417969,1400000,1500000
170,-156.912148549033,21.1507729944598,19.7282810211182,4371.6806640625,35.3402214050293,137.006774902344,634.204345703125,30.302885055542,19.5352573394775,1198.32275390625,1400000,1500000
171,-156.906632198215,21.1357133639375,17.2214317321777,5418.4287109375,38.0075378417969,143.274169921875,1056.06884765625,30.274227142334,19.5161514282227,1172.63220214844,1400000,1500000
172,-156.906759013172,21.1266839152138,16.7445983886719,5616.62109375,38.4846496582031,143.437133789062,1075.2646484375,33.3269271850586,21.5512866973877,1169.109375,1400000,1500000
173,-158.223280555556,21.5472722222222,21.979549407959,2115.10546875,37.7297515869141,137.938568115234,344.751251220703,34,22,1352.27160644531,3305000,3e+06
174,-156.929944,21.116536,17.3692817687988,3756.80908203125,40.1180610656738,144.280288696289,1004.66595458984,28,18,1191.34558105469,1400000,1500000
175,-156.929944,21.119022,17.3692817687988,3756.80908203125,40.1180610656738,144.280288696289,1004.66595458984,28,18,1191.34558105469,1400000,1500000
176,-156.959069444444,21.1125694444444,19.8095397949219,1477.26440429688,44.358585357666,133.693878173828,623.972229003906,39.9163856506348,26.0225372314453,1249.15124511719,1400000,1500000
177,-156.339097222222,20.6202666666667,19.2870025634766,2157.75537109375,43.136058807373,134.503860473633,702.31005859375,34,22,1235.72900390625,4000,4000
178,-156.976552777778,20.8759166666667,20.6423664093018,4028.97729492188,40.4726295471191,132.051788330078,475.351257324219,26,17,1262.04235839844,1380000,1500000
179,-156.967322222222,20.8734472222222,20.5282878875732,3899.23168945312,40.6678848266602,132.102478027344,503.607513427734,26,17,1257.44958496094,1380000,1500000
180,-156.988458333333,20.8780555555556,20.5346755981445,3777.12158203125,40.7343559265137,132.174591064453,507.544830322266,26,17,1260.10144042969,1380000,1500000
181,-155.456834,19.332256,17.6010189056396,3490.28125,21.8717918395996,128.634963989258,1105.78967285156,15,10,1208.48413085938,1125,1125
182,-155.936438888889,19.7684166666667,20.4781265258789,1112.77600097656,23.9769382476807,136.820877075195,582.402465820312,28.3700466156006,18.2466983795166,1295.47912597656,2250,2250
183,-155.04493,19.70426,24.2998294830322,2857.5927734375,22.6723747253418,118.400634765625,30.4655475616455,56.0600090026855,36.0400047302246,1387,1125,1125
184,-155.04493,19.70426,24.2998294830322,2857.5927734375,22.6723747253418,118.400634765625,30.4655475616455,56.0600090026855,36.0400047302246,1387,1125,1125
185,-155.04493,19.70426,24.2998294830322,2857.5927734375,22.6723747253418,118.400634765625,30.4655475616455,56.0600090026855,36.0400047302246,1387,1125,1125
186,-155.04493,19.70426,24.2998294830322,2857.5927734375,22.6723747253418,118.400634765625,30.4655475616455,56.0600090026855,36.0400047302246,1387,1125,1125
187,-155.04493,19.70426,24.2998294830322,2857.5927734375,22.6723747253418,118.400634765625,30.4655475616455,56.0600090026855,36.0400047302246,1387,1125,1125
188,-155.04493,19.70426,24.2998294830322,2857.5927734375,22.6723747253418,118.400634765625,30.4655475616455,56.0600090026855,36.0400047302246,1387,1125,1125
189,-155.04493,19.70426,24.2998294830322,2857.5927734375,22.6723747253418,118.400634765625,30.4655475616455,56.0600090026855,36.0400047302246,1387,1125,1125
190,-155.04493,19.70426,24.2998294830322,2857.5927734375,22.6723747253418,118.400634765625,30.4655475616455,56.0600090026855,36.0400047302246,1387,1125,1125
191,-155.04493,19.70426,24.2998294830322,2857.5927734375,22.6723747253418,118.400634765625,30.4655475616455,56.0600090026855,36.0400047302246,1387,1125,1125
192,-155.04493,19.70426,24.2998294830322,2857.5927734375,22.6723747253418,118.400634765625,30.4655475616455,56.0600090026855,36.0400047302246,1387,1125,1125
193,-155.704006,20.056842,16.193473815918,2380.5341796875,28.4581775665283,133.317810058594,1306.19885253906,43.1157188415527,27.7438125610352,1161.95190429688,190000,460000
194,-159.660227,22.130645,16.2106513977051,2226.53735351562,30.4761199951172,155.851287841797,1112.36401367188,34,22,1172.16857910156,4750000,5e+06
195,-159.689736111111,22.1414666666667,18.2473316192627,1705.11474609375,30.6029567718506,154.117141723633,808.135375976562,34,22,1261.21630859375,4750000,5e+06
196,-159.667991666667,22.1477722222222,17.7661514282227,2361.3681640625,26.7791156768799,154.612075805664,856.410766601562,34,22,1214.78735351562,4750000,5e+06
197,-154.94494,19.414264,23.0273513793945,3693.72338867188,22.1265640258789,114.23078918457,200.944900512695,34,22,1370.74609375,575,475
198,-154.94494,19.414264,23.0273513793945,3693.72338867188,22.1265640258789,114.23078918457,200.944900512695,34,22,1370.74609375,575,475
199,-154.94494,19.414264,23.0273513793945,3693.72338867188,22.1265640258789,114.23078918457,200.944900512695,34,22,1370.74609375,575,475
200,-154.94494,19.414264,23.0273513793945,3693.72338867188,22.1265640258789,114.23078918457,200.944900512695,34,22,1370.74609375,575,475
201,-154.94494,19.414264,23.0273513793945,3693.72338867188,22.1265640258789,114.23078918457,200.944900512695,34,22,1370.74609375,575,475
202,-154.94494,19.414264,23.0273513793945,3693.72338867188,22.1265640258789,114.23078918457,200.944900512695,34,22,1370.74609375,575,475
203,-154.94494,19.414264,23.0273513793945,3693.72338867188,22.1265640258789,114.23078918457,200.944900512695,34,22,1370.74609375,575,475
204,-154.94494,19.414264,23.0273513793945,3693.72338867188,22.1265640258789,114.23078918457,200.944900512695,34,22,1370.74609375,575,475
205,-154.94494,19.414264,23.0273513793945,3693.72338867188,22.1265640258789,114.23078918457,200.944900512695,34,22,1370.74609375,575,475
206,-154.94494,19.414264,23.0273513793945,3693.72338867188,22.1265640258789,114.23078918457,200.944900512695,34,22,1370.74609375,575,475
207,-155.85829,19.316406,20.0304698944092,818.512817382812,18.3304290771484,130.368087768555,708.638793945312,22.8674468994141,14.9116306304932,1301.74865722656,2250,2250
208,-154.952525,19.424302,22.3875865936279,3834.45703125,22.1515293121338,114.887664794922,295.891265869141,34,22,1349.28735351562,62,100
209,-154.952525,19.424302,22.3875865936279,3834.45703125,22.1515293121338,114.887664794922,295.891265869141,34,22,1349.28735351562,62,100
210,-154.952525,19.424302,22.3875865936279,3834.45703125,22.1515293121338,114.887664794922,295.891265869141,34,22,1349.28735351562,62,100
211,-154.952525,19.424302,22.3875865936279,3834.45703125,22.1515293121338,114.887664794922,295.891265869141,34,22,1349.28735351562,62,100
212,-154.952525,19.424302,22.3875865936279,3834.45703125,22.1515293121338,114.887664794922,295.891265869141,34,22,1349.28735351562,62,100
213,-154.952525,19.424302,22.3875865936279,3834.45703125,22.1515293121338,114.887664794922,295.891265869141,34,22,1349.28735351562,62,100
214,-154.952525,19.424302,22.3875865936279,3834.45703125,22.1515293121338,114.887664794922,295.891265869141,34,22,1349.28735351562,62,100
215,-154.952525,19.424302,22.3875865936279,3834.45703125,22.1515293121338,114.887664794922,295.891265869141,34,22,1349.28735351562,62,100
216,-154.952525,19.424302,22.3875865936279,3834.45703125,22.1515293121338,114.887664794922,295.891265869141,34,22,1349.28735351562,62,100
217,-154.952525,19.424302,22.3875865936279,3834.45703125,22.1515293121338,114.887664794922,295.891265869141,34,22,1349.28735351562,62,100
218,-159.412501,22.091171,21.3163166046143,1820.09460449219,25.8752555847168,142.820037841797,329.898895263672,28.0293464660645,18.0195636749268,1344.93859863281,2e+06,1500000
219,-156.290347,20.727622,13.5165948867798,2033.82897949219,34.8938751220703,123.100120544434,1818.38647460938,28,18,1099.07824707031,545000,460000
220,-155.283333333333,19.9166666666667,16.6786155700684,4232.56494140625,24.7253684997559,129.267044067383,1203.17834472656,15,10,1168.77087402344,182000,95000
221,-154.901906,19.482657,22.9320449829102,3707.17236328125,21.9177227020264,113.426361083984,191.734741210938,34,22,1368.19763183594,227,100
222,-156.597297222222,20.8582972222222,18.2821521759033,5540.35888671875,36.8529815673828,139.759536743164,788.511413574219,28,18,1202.01916503906,NA,NA
223,-159.574239,22.217716,23.2978801727295,2121.04614257812,24.9845066070557,143.351196289062,148.859664916992,34,22,1376.00817871094,4750000,5e+06
224,-156.253849,20.800458,14.7254447937012,5310.80419921875,29.2932357788086,131.394119262695,1516.74035644531,23.5070476531982,15.4269275665283,1132.66320800781,545000,460000
225,-154.869039,19.437316,24.1934623718262,2945.51318359375,21.9279155731201,111.684936523438,46.9217109680176,34,22,1395.88818359375,575,475
226,-155.814841666667,19.11375,19.8433284759521,856.588928222656,19.0979957580566,124.259880065918,702.226684570312,21,14,1301.62243652344,2250,2250
227,-155.814727777778,19.1160972222222,19.8433284759521,856.588928222656,19.0979957580566,124.259880065918,702.226684570312,21,14,1301.62243652344,1125,1125
228,-155.385557,19.494317,13.9867897033691,4431.0537109375,21.5603275299072,120.300804138184,2040.61938476562,9.89616775512695,6.53770065307617,1048.44995117188,2250,2250
229,-157.779529,21.349632,20.8248767852783,1713.77502441406,41.3365592956543,138.19172668457,549.864135742188,57.4381904602051,36.9587936401367,1287.64318847656,2400000,3e+06
230,-159.683902777778,22.1267555555556,17.4261531829834,1550.14282226562,31.7734298706055,157.109466552734,921.582458496094,34,22,1231.03039550781,4750000,5e+06
231,-154.872306,19.440743,24.1934623718262,2945.51318359375,21.9279155731201,111.684936523438,46.9217109680176,34,22,1395.88818359375,227,100
232,-154.872306,19.440743,24.1934623718262,2945.51318359375,21.9279155731201,111.684936523438,46.9217109680176,34,22,1395.88818359375,227,100
233,-154.872306,19.440743,24.1934623718262,2945.51318359375,21.9279155731201,111.684936523438,46.9217109680176,34,22,1395.88818359375,227,100
234,-154.872306,19.440743,24.1934623718262,2945.51318359375,21.9279155731201,111.684936523438,46.9217109680176,34,22,1395.88818359375,227,100
235,-154.872306,19.440743,24.1934623718262,2945.51318359375,21.9279155731201,111.684936523438,46.9217109680176,34,22,1395.88818359375,227,100
236,-154.872306,19.440743,24.1934623718262,2945.51318359375,21.9279155731201,111.684936523438,46.9217109680176,34,22,1395.88818359375,227,100
237,-154.872306,19.440743,24.1934623718262,2945.51318359375,21.9279155731201,111.684936523438,46.9217109680176,34,22,1395.88818359375,227,100
238,-154.872306,19.440743,24.1934623718262,2945.51318359375,21.9279155731201,111.684936523438,46.9217109680176,34,22,1395.88818359375,227,100
239,-154.872306,19.440743,24.1934623718262,2945.51318359375,21.9279155731201,111.684936523438,46.9217109680176,34,22,1395.88818359375,227,100
240,-154.872306,19.440743,24.1934623718262,2945.51318359375,21.9279155731201,111.684936523438,46.9217109680176,34,22,1395.88818359375,227,100
241,-154.868508,19.440783,24.1934623718262,2945.51318359375,21.9279155731201,111.684936523438,46.9217109680176,34,22,1395.88818359375,227,100
242,-154.868508,19.440783,24.1934623718262,2945.51318359375,21.9279155731201,111.684936523438,46.9217109680176,34,22,1395.88818359375,227,100
243,-154.868508,19.440783,24.1934623718262,2945.51318359375,21.9279155731201,111.684936523438,46.9217109680176,34,22,1395.88818359375,227,100
244,-154.868508,19.440783,24.1934623718262,2945.51318359375,21.9279155731201,111.684936523438,46.9217109680176,34,22,1395.88818359375,227,100
245,-154.868508,19.440783,24.1934623718262,2945.51318359375,21.9279155731201,111.684936523438,46.9217109680176,34,22,1395.88818359375,227,100
246,-154.868508,19.440783,24.1934623718262,2945.51318359375,21.9279155731201,111.684936523438,46.9217109680176,34,22,1395.88818359375,227,100
247,-154.868508,19.440783,24.1934623718262,2945.51318359375,21.9279155731201,111.684936523438,46.9217109680176,34,22,1395.88818359375,227,100
248,-154.868508,19.440783,24.1934623718262,2945.51318359375,21.9279155731201,111.684936523438,46.9217109680176,34,22,1395.88818359375,227,100
249,-154.868508,19.440783,24.1934623718262,2945.51318359375,21.9279155731201,111.684936523438,46.9217109680176,34,22,1395.88818359375,227,100
250,-154.868508,19.440783,24.1934623718262,2945.51318359375,21.9279155731201,111.684936523438,46.9217109680176,34,22,1395.88818359375,227,100
251,-154.905455,19.530393,23.6460113525391,3431.81713867188,21.6569404602051,113.75203704834,102.20516204834,28,18,1386.28881835938,177,100
252,-154.905455,19.530393,23.6460113525391,3431.81713867188,21.6569404602051,113.75203704834,102.20516204834,28,18,1386.28881835938,177,100
253,-154.905455,19.530393,23.6460113525391,3431.81713867188,21.6569404602051,113.75203704834,102.20516204834,28,18,1386.28881835938,177,100
254,-154.905455,19.530393,23.6460113525391,3431.81713867188,21.6569404602051,113.75203704834,102.20516204834,28,18,1386.28881835938,177,100
255,-154.905455,19.530393,23.6460113525391,3431.81713867188,21.6569404602051,113.75203704834,102.20516204834,28,18,1386.28881835938,177,100
256,-154.905455,19.530393,23.6460113525391,3431.81713867188,21.6569404602051,113.75203704834,102.20516204834,28,18,1386.28881835938,177,100
257,-154.884626,19.525996,23.7820129394531,3386.7314453125,21.6252403259277,113.024589538574,72.4106369018555,28,18,1389.39318847656,575,475
258,-154.884626,19.525996,23.7820129394531,3386.7314453125,21.6252403259277,113.024589538574,72.4106369018555,28,18,1389.39318847656,575,475
259,-154.884626,19.525996,23.7820129394531,3386.7314453125,21.6252403259277,113.024589538574,72.4106369018555,28,18,1389.39318847656,575,475
260,-154.884626,19.525996,23.7820129394531,3386.7314453125,21.6252403259277,113.024589538574,72.4106369018555,28,18,1389.39318847656,575,475
261,-154.884626,19.525996,23.7820129394531,3386.7314453125,21.6252403259277,113.024589538574,72.4106369018555,28,18,1389.39318847656,575,475
262,-154.884626,19.525996,23.7820129394531,3386.7314453125,21.6252403259277,113.024589538574,72.4106369018555,28,18,1389.39318847656,575,475
263,-154.884626,19.525996,23.7820129394531,3386.7314453125,21.6252403259277,113.024589538574,72.4106369018555,28,18,1389.39318847656,575,475
264,-154.884626,19.525996,23.7820129394531,3386.7314453125,21.6252403259277,113.024589538574,72.4106369018555,28,18,1389.39318847656,575,475
265,-154.884626,19.525996,23.7820129394531,3386.7314453125,21.6252403259277,113.024589538574,72.4106369018555,28,18,1389.39318847656,575,475
266,-154.884626,19.525996,23.7820129394531,3386.7314453125,21.6252403259277,113.024589538574,72.4106369018555,28,18,1389.39318847656,575,475
267,-154.905455,19.530393,23.6460113525391,3431.81713867188,21.6569404602051,113.75203704834,102.20516204834,28,18,1386.28881835938,177,100
268,-154.905455,19.530393,23.6460113525391,3431.81713867188,21.6569404602051,113.75203704834,102.20516204834,28,18,1386.28881835938,177,100
269,-154.905455,19.530393,23.6460113525391,3431.81713867188,21.6569404602051,113.75203704834,102.20516204834,28,18,1386.28881835938,177,100
270,-154.905455,19.530393,23.6460113525391,3431.81713867188,21.6569404602051,113.75203704834,102.20516204834,28,18,1386.28881835938,177,100
271,-154.905455,19.530393,23.6460113525391,3431.81713867188,21.6569404602051,113.75203704834,102.20516204834,28,18,1386.28881835938,177,100
272,-154.873548,19.52276,23.6717414855957,3451.88232421875,21.6951694488525,112.69376373291,90.2083435058594,28,18,1387.48303222656,300,475
273,-154.873548,19.52276,23.6717414855957,3451.88232421875,21.6951694488525,112.69376373291,90.2083435058594,28,18,1387.48303222656,300,475
274,-154.873548,19.52276,23.6717414855957,3451.88232421875,21.6951694488525,112.69376373291,90.2083435058594,28,18,1387.48303222656,300,475
275,-154.873548,19.52276,23.6717414855957,3451.88232421875,21.6951694488525,112.69376373291,90.2083435058594,28,18,1387.48303222656,300,475
276,-154.873548,19.52276,23.6717414855957,3451.88232421875,21.6951694488525,112.69376373291,90.2083435058594,28,18,1387.48303222656,300,475
277,-154.873548,19.52276,23.6717414855957,3451.88232421875,21.6951694488525,112.69376373291,90.2083435058594,28,18,1387.48303222656,300,475
278,-154.873548,19.52276,23.6717414855957,3451.88232421875,21.6951694488525,112.69376373291,90.2083435058594,28,18,1387.48303222656,300,475
279,-154.873548,19.52276,23.6717414855957,3451.88232421875,21.6951694488525,112.69376373291,90.2083435058594,28,18,1387.48303222656,300,475
280,-154.873548,19.52276,23.6717414855957,3451.88232421875,21.6951694488525,112.69376373291,90.2083435058594,28,18,1387.48303222656,300,475
281,-154.873548,19.52276,23.6717414855957,3451.88232421875,21.6951694488525,112.69376373291,90.2083435058594,28,18,1387.48303222656,300,475
282,-159.479912,22.186576,22.5291690826416,1842.71166992188,24.2578372955322,143.156600952148,214.923385620117,28,18,1360.60864257812,4750000,5e+06
283,-154.99774,19.54567,23.3840103149414,3554.2294921875,21.9240169525146,117.00666809082,159.506866455078,50.0786895751953,32.3857917785645,1375.4375,1033.5,475
284,-155.983333333333,19.7333333333333,21.3088665008545,794.871215820312,25.2795715332031,137.306915283203,509.67236328125,51.9371185302734,33.2914123535156,1318.32958984375,2250,2250
285,-158.100992,21.413189,19.3164672851562,2629.85913085938,40.088550567627,142.395690917969,778.003662109375,53,34,1275.3662109375,3010000,3e+06
286,-155.194924,19.905336,20.3345241546631,3957.74462890625,24.2627105712891,123.633193969727,591.85009765625,15,10,1270.98010253906,182000,95000
287,-159.626792,22.14813,16.2868690490723,2682.40087890625,26.700475692749,154.212295532227,1158.40759277344,28,18,1170.26049804688,4750000,5e+06
288,-157.929437,21.533393,19.2891139984131,2613.5517578125,40.3107414245605,140.964782714844,616.805236816406,47.5071105957031,30.7042675018311,1273.26538085938,2400000,3e+06
289,-155.257481,19.694877,17.7421703338623,4438.78173828125,23.6561546325684,129.349258422852,1060.38854980469,17,11,1198.93688964844,162,100
290,-155.329258,19.677957,15.5448656082153,4557.22607421875,23.6278038024902,128.266799926758,1520.29858398438,17,11,1119.42065429688,162,100
291,-155.465774,19.687161,13.9466342926025,3388.07177734375,22.5099983215332,121.212059020996,2005.82885742188,9.77722930908203,6.51815319061279,1052.60217285156,37500,20000
292,-155.237235,19.414151,17.23583984375,4310.7216796875,22.6628036499023,127.358726501465,1190.5673828125,21.0221538543701,13.6326971054077,1188.4365234375,1033.5,475
293,-155.237542,19.413278,17.23583984375,4310.7216796875,22.6628036499023,127.358726501465,1190.5673828125,21.0221538543701,13.6326971054077,1188.4365234375,1033.5,475
294,-156.546013,20.947536,21.4105091094971,7472.78369140625,32.5569610595703,129.247268676758,382.736206054688,37.8901672363281,24.6160278320312,1296.84826660156,1200000,1500000
295,-159.645938888889,22.061,19.8010845184326,1549.62194824219,29.1388034820557,145.80924987793,437.746185302734,31.3102779388428,20.2068519592285,1347.4228515625,3750000,3e+06
296,-158.016838,21.623398,22.4281978607178,1644.24536132812,39.3461074829102,137.469940185547,222.606887817383,43,28,1355.43322753906,2400000,3e+06
297,-158.18,21.5,20.3671188354492,1945.21923828125,40.7844924926758,138.585632324219,423.180633544922,52.8074340820312,33.8844604492188,1327.58154296875,NA,NA
298,-157.72,21.29,24.5017318725586,847.330932617188,43.9128913879395,135.012924194336,12.1471071243286,73.0368423461914,47.0230293273926,1371.48950195312,2400000,3e+06
299,-156.64,20.97,22.3627090454102,3412.1396484375,37.4410438537598,129.331802368164,281.58154296875,53.9072723388672,34.6939468383789,1332.35107421875,1200000,1500000
300,-157.85,21.4,20.7614116668701,1739.11462402344,41.6789474487305,136.397491455078,391.21240234375,60.5128631591797,39.0085754394531,1308.1767578125,2400000,3e+06
301,-155.3,19.85,14.9390735626221,4516.6806640625,24.2087841033936,125.533706665039,1595.16650390625,14,9,1106.54357910156,37500,20000
302,-155.34,19.44,16.4363288879395,4081.58959960938,22.8624362945557,128.844131469727,1359.46362304688,15,10,1155.57238769531,2250,2250
303,-155.19,19.79,19.0905723571777,4226.26611328125,23.8601779937744,125.287406921387,791.802368164062,28,18,1244.32250976562,37500,20000
304,-159.72,22.07,19.647891998291,1107.71765136719,32.170539855957,144.187194824219,577.293762207031,28,18,1343.35388183594,4750000,5e+06
305,-155.78,19.19,15.5144815444946,1090.71337890625,19.0922565460205,122.680068969727,1504.26574707031,18,12,1152.02233886719,2250,2250
306,-155.29,19.92,16.2325248718262,4254.3125,24.7634143829346,129.215728759766,1287.84411621094,15,10,1154.07861328125,8000,7500
307,-155.41,19.4,16.0698757171631,4046.09375,22.3388042449951,128.053405761719,1427.26000976562,9,6,1144.78210449219,1125,1125
308,-159.65,22.13,15.9864835739136,2712.10961914062,28.7811031341553,154.963790893555,1137.73010253906,34,22,1166.55822753906,4150000,5e+06
309,-155.48,19.33,16.6072406768799,3675.99291992188,21.6656646728516,128.499160766602,1289.29956054688,9,6,1172.37329101562,1125,1125
310,-155.55,19.26,15.9867601394653,3347.76586914062,20.8981876373291,125.823661804199,1421.73901367188,15,10,1156.80798339844,20500,20000
311,-155.5,19.31,15.8568696975708,3712.19384765625,21.3053684234619,126.375007629395,1457.59497070312,12.6803665161133,8.45357799530029,1145.61950683594,1125,1125
312,-155.21,19.86,18.4668655395508,4212.888671875,24.2045402526855,126.292778015137,886.232971191406,28,18,1222.36450195312,37500,20000
313,-155.5,19.37,14.1533174514771,3779.00512695312,20.4167041778564,119.731369018555,1951.72583007812,9,6,1064.41235351562,1125,1125
314,-157.95,21.5,20.680419921875,1551.810546875,40.9523849487305,137.246719360352,467.740478515625,48.5026168823242,31.3015689849854,1308.44665527344,2400000,3e+06
315,-155.89,19.69,14.0812788009644,1401.599609375,22.6060829162598,122.131240844727,1933.88806152344,18,12,1079.4677734375,4000,4000
316,-155.24,19.71,18.5509548187256,4330.12109375,23.680570602417,127.693519592285,908.794494628906,17,11,1225.49560546875,20500,20000
317,-155.26,19.94,19.1496696472168,3961.00830078125,24.624267578125,125.572380065918,762.737121582031,15,10,1240.56188964844,37500,20000
318,-155.23,19.91,19.0468406677246,4065.54370117188,24.4421520233154,125.371101379395,786.545471191406,15,10,1238.61853027344,182000,95000
319,-157.99,21.64,21.2598056793213,3407.95825195312,37.9209098815918,137.635513305664,342.698516845703,43,28,1322.17150878906,2400000,3e+06
320,-158.18,21.54,19.8555698394775,3575.71044921875,36.7434005737305,139.597305297852,544.100708007812,28,18,1296.39221191406,3305000,3e+06
321,-155.8,19.23,15.4319658279419,1059.00122070312,18.3954811096191,123.043022155762,1531.47985839844,20,13,1147.52075195312,2250,2250
322,-155.21,19.7,19.6238059997559,4228.86962890625,23.5179824829102,125.802978515625,735.108093261719,20.6303577423096,13.420238494873,1256.15051269531,4000,4000
323,-155.15,19.61,20.6437797546387,4175.15966796875,22.9610347747803,123.85417175293,580.774658203125,26,17,1287.09545898438,1125,1125
324,-155.8,19.2,16.2793426513672,1008.58892822266,18.6725902557373,125.380584716797,1335.02319335938,19.7150745391846,12.8575372695923,1179.466796875,91,100
325,-155.19,19.7,20.375020980835,4163.4716796875,23.4379138946533,124.908081054688,613.767395019531,23,15,1277.45043945312,162,100
326,-155.29,19.45,16.8754463195801,4092.67993164062,22.8755950927734,129.106002807617,1247.43347167969,17,11,1177.74072265625,475,475
327,-159.69,22.1,17.3279628753662,1804.85693359375,31.6476917266846,157.104721069336,937.983642578125,34,22,1227.19372558594,4750000,5e+06
328,-155.16,19.69,21.6230506896973,4040.529296875,23.2226657867432,123.22135925293,440.310638427734,34,22,1308.96911621094,8000,7500
329,-155.17,19.87,21.0667953491211,3942.74877929688,23.9921894073486,122.613403320312,477.378234863281,15.2231693267822,10.1373348236084,1288.6591796875,37500,20000
330,-155.19,19.66,20.0319347381592,4226.92138671875,23.2700538635254,125.286338806152,671.509643554688,14,9,1268.0078125,8000,7500
331,-155.22,19.74,18.5037307739258,4315.3544921875,23.783878326416,127.376419067383,917.253173828125,17,11,1224.34936523438,37500,20000
332,-155.34,19.68,15.3321580886841,4539.1708984375,23.4992752075195,127.429161071777,1567.58447265625,17,11,1110.5654296875,162,100
333,-155.31,19.89,14.8106918334961,4374.48583984375,24.3671207427979,125.11205291748,1609.00769042969,9,6,1102.35327148438,8000,7500
334,-155.86,19.73,15.4970550537109,2360.0732421875,21.530086517334,130.418579101562,1490.56640625,12.5721673965454,8.38144493103027,1141.33227539062,2250,2250
335,-155.17,19.72,20.779670715332,4111.71630859375,23.4766044616699,124.218040466309,547.570251464844,17,11,1286.41918945312,38000,40000
336,-155.45,19.36,16.3865203857422,3803.02954101562,22.0658912658691,128.50407409668,1368.01647949219,9,6,1160.19018554688,1125,1125
337,-159.68,22.06,17.9870548248291,1945.32385253906,31.2257785797119,155.512252807617,819.509887695312,34,22,1261.37463378906,4750000,5e+06
338,-158.06,21.56,22.4823036193848,851.97265625,41.3695068359375,137.257308959961,237.570846557617,71,46,1360.93774414062,NA,NA
339,-159.47,22.15,21.8581638336182,1800.79821777344,25.070255279541,143.24169921875,237.869033813477,28,18,1357.87634277344,NA,NA
340,-155.75,20.21,23.1186466217041,1909.197265625,28.5840396881104,129.696166992188,169.98176574707,28,18,1316.20129394531,380000,460000
341,-159.64,22.17,21.2665824890137,1555.47717285156,28.1482849121094,144.609664916992,233.954193115234,34,22,1380.78955078125,NA,NA
342,-158.11,21.45,21.2731781005859,1844.36120605469,40.5029182434082,138.059539794922,360.380493164062,48,31,1346.13098144531,NA,NA
343,-156.25,20.88,20.793493270874,5998.69091796875,28.1347103118896,127.16234588623,436.730651855469,28,18,1258.78515625,545000,460000
344,-157.83,21.36,21.5445976257324,1270.74462890625,42.3267517089844,135.818923950195,309.122802734375,65,42,1318.88122558594,2400000,3e+06
345,-156.57,20.98,21.3127136230469,7764.75927734375,32.5472564697266,129.003204345703,443.844970703125,28,18,1287.3115234375,1200000,1500000
346,-155.1,19.43,19.8554172515869,4051.09448242188,22.3960037231445,121.399887084961,686.228271484375,53,34,1275.55041503906,1033.5,475
347,-155.7,20.16,19.4623146057129,2256.16625976562,27.6535778045654,131.133911132812,692.563171386719,28,18,1244.40747070312,380000,460000
348,-156.23,20.85,18.8967514038086,6164.2041015625,28.6112422943115,134.235076904297,735.485168457031,28,18,1217.68359375,95000,95000
349,-156.07,20.77,18.9298191070557,5124.6474609375,27.9563674926758,132.268981933594,718.331970214844,18,12,1217.53698730469,40000,40000
350,-156.12,20.79,18.8772163391113,5306.58251953125,27.7552967071533,133.155502319336,737.578857421875,18,12,1216.36669921875,545000,460000
351,-155.31,19.97,18.5835247039795,3810.19189453125,24.8717708587646,127.031219482422,840.317749023438,15,10,1225.71923828125,182000,95000
352,-155.18,19.52,18.8735198974609,4483.2197265625,22.8255500793457,125.647079467773,867.491027832031,21,14,1242.39880371094,8000,7500
353,-155.12,19.65,22.6560764312744,3882.2001953125,22.882438659668,121.621467590332,289.751953125,34.5634346008301,22.2419815063477,1341.60070800781,8000,7500
354,-155.11,19.8,23.5667533874512,3619.59936523438,23.4497623443604,120.079071044922,128.268829345703,34,22,1355.84716796875,182000,95000
355,-155.12,19.61,21.6770114898682,4046.36108398438,22.8352756500244,122.174041748047,432.47705078125,26,17,1317.61804199219,1125,1125
356,-156.02,20.76,22.1210384368896,4517.57080078125,28.0200271606445,125.775108337402,278.390014648438,27.9664707183838,18.2751846313477,1282.78918457031,475,475
357,-156,20.72,23.3581142425537,3903.3447265625,28.6756362915039,126.201393127441,130.875106811523,25,16,1316.36120605469,21500,20000
358,-156.02,20.69,22.7886447906494,3764.35083007812,29.5540904998779,126.819076538086,220.717956542969,25,16,1301.05151367188,460000,460000
359,-157.99,21.52,20.984920501709,1167.37670898438,42.2816467285156,137.167953491211,402.688873291016,58.5267486572266,37.6845016479492,1323.09948730469,2400000,3e+06
360,-155.83,19.77,17.7719917297363,1344.79528808594,24.2321109771729,135.910629272461,1115.58666992188,18,12,1208.49279785156,103000,95000
361,-155.61,19.18,16.9246959686279,2941.46264648438,20.2713851928711,125.574905395508,1193.94860839844,15,10,1200.56628417969,20500,20000
362,-156.1,20.74,13.7511291503906,5415.27001953125,29.8256092071533,124.076286315918,1737.6728515625,18,12,1101.04553222656,9000,7500
363,-155.21,19.45,17.9689445495605,4469.41943359375,22.6414623260498,126.738342285156,1021.67260742188,43,28,1215.76831054688,575,475
364,-156.21,20.8,15.5704879760742,6274.35791015625,29.1109752655029,134.867462158203,1323.08166503906,18,12,1150.994140625,545000,460000
365,-156.16,20.75,12.9246482849121,5095.935546875,29.3630962371826,121.099838256836,1980.04431152344,26,17,1074.42956542969,545000,460000
366,-155.64,19.18,15.548451423645,2929.31982421875,19.8735866546631,122.901580810547,1494.66064453125,15,10,1148.6767578125,1125,1125
367,-155.59,19.14,19.8225116729736,2647.041015625,20.337230682373,123.480766296387,693.380432128906,15,10,1293.48803710938,4000,4000
368,-155.27,19.63,17.0536231994629,4634.22509765625,23.3652095794678,130.028732299805,1202.74755859375,10,7,1176.83215332031,4000,4000
369,-155.21,19.57,18.3376922607422,4532.48388671875,23.0195541381836,127.347320556641,958.133728027344,26.2192840576172,16.9824485778809,1222.46435546875,1125,1125
370,-155.54,19.25,16.6306037902832,3276.060546875,21.0083980560303,127.100051879883,1286.59899902344,15,10,1181.12670898438,20500,20000
371,-155.83,19.27,16.4829940795898,983.414123535156,18.4656410217285,127.473159790039,1324.28503417969,20,13,1182.94006347656,67,100
372,-155.63,20.11,20.8606929779053,2265.84423828125,26.9082069396973,129.973068237305,326.380249023438,28,18,1278.1201171875,380000,460000
373,-155.57,19.23,16.2660446166992,3184.5205078125,20.6560897827148,125.838905334473,1365.27465820312,15,10,1169.47802734375,2250,2250
374,-157.94,21.62,23.0455436706543,2801.67651367188,37.5712394714355,137.200469970703,131.433715820312,54.0828628540039,35.0497169494629,1347.73840332031,2400000,3e+06
375,-155.26,20,23.5321216583252,3172.8037109375,24.8341541290283,122.172950744629,94.0796737670898,22.8857173919678,15.1785736083984,1333.63366699219,182000,95000
376,-158.01,21.68,23.1819019317627,2770.32788085938,37.18359375,137.759811401367,125.278503417969,49.9273986816406,32.2363014221191,1361.75634765625,2400000,3e+06
377,-156.53,20.98,24.7298164367676,5426.9453125,32.3140487670898,129.188369750977,100,28.4963073730469,20.3292045593262,1384.072265625,1200000,1500000
378,-156.62,21,22.8637542724609,6047.3662109375,32.496955871582,129.224578857422,204.591430664062,48,31,1353.40844726562,1650000,1500000
379,-154.88,19.55,24.2571754455566,2896.05297851562,21.6369972229004,112.934364318848,30.9747047424316,28.3407745361328,18.2555809020996,1398.52905273438,177,100
380,-155,19.7,24.3219051361084,2907.37109375,22.611400604248,117.063514709473,17.593355178833,48,31,1389.39990234375,1125,1125
381,-154.87,19.44,24.1934623718262,2945.51318359375,21.9279155731201,111.684936523438,46.9217109680176,34,22,1395.88818359375,227,100
382,-154.9,19.48,22.9320449829102,3707.17236328125,21.9177227020264,113.426361083984,191.734741210938,34,22,1368.19763183594,227,100
383,-155.03,19.61,23.8433666229248,3532.07641601562,22.3989601135254,118.241889953613,98.178092956543,54,35,1388.24523925781,8000,7500
384,-155.02,19.71,24.3194675445557,2869.68627929688,22.6640529632568,117.680557250977,22.3310203552246,52.6809844970703,33.8085899353027,1386.01220703125,1125,1125
385,-154.97,19.57,23.9103565216064,3346.57104492188,21.8226509094238,116.158973693848,74.2720413208008,52.7704467773438,34.1802978515625,1392.39111328125,1033.5,475
386,-155.09,19.63,22.789852142334,3862.60131835938,22.738842010498,120.656448364258,261.859619140625,34,22,1348.82788085938,1125,1125
387,-154.94,19.48,22.6911602020264,3647.1103515625,21.8637409210205,114.891265869141,236.440414428711,34,22,1359.73840332031,575,475
388,-156.04,20.72,18.4562091827393,4817.57373046875,29.1942596435547,133.901947021484,795.869567871094,18,12,1211.50390625,9000,7500
389,-155.65,20.04,17.5037498474121,2482.98706054688,27.1822948455811,133.560668945312,1062.41394042969,58.7729759216309,37.8637847900391,1198.65612792969,190000,460000
390,-155.29,19.79,15.1023435592651,4626.68701171875,23.9785938262939,126.154830932617,1581.896484375,21,14,1107.48559570312,37500,20000
391,-155.72,20.08,14.838849067688,2511.63159179688,28.1834545135498,128.91438293457,1587.01599121094,28,18,1121.39831542969,380000,460000
392,-155.29,19.55,15.5444498062134,4928.03759765625,23.0305767059326,127.102127075195,1535.75244140625,39,25,1112.15661621094,1125,1125
393,-155.27,19.83,15.927661895752,4543.314453125,24.365930557251,128.616973876953,1383.64440917969,21,14,1141.25048828125,37500,20000
394,-155.27,19.49,16.5452651977539,4766.04736328125,22.89035987854,128.901657104492,1319.2802734375,21,14,1161.82824707031,8000,7500
395,-155.29,19.83,15.166561126709,4577.74609375,24.2005653381348,126.465614318848,1540.13842773438,20.8926296234131,13.9233064651489,1113.84008789062,37500,20000
396,-155.64,19.14,16.9507617950439,2718.501953125,19.9227771759033,124.897148132324,1195.77856445312,15,10,1201.63684082031,4000,4000
397,-155.26,19.76,16.7572650909424,4495.78466796875,24.0523586273193,129.976776123047,1234.45141601562,12.5011863708496,8.33412456512451,1167.13684082031,37500,20000
398,-155.24,19.46,17.3525161743164,4591.2080078125,22.7603874206543,128.104843139648,1148.21911621094,37,24,1193.48071289062,8000,7500
399,-155.31,19.67,16.0412445068359,4570.17822265625,23.6415119171143,129.495239257812,1406.67651367188,11.0034217834473,7.57338428497314,1138.61352539062,475,475
400,-155.83,19.4,17.0402088165283,1007.71075439453,19.2856559753418,131.13591003418,1226.20874023438,20,13,1197.14392089844,2250,2250
401,-155.66,20.08,18.4768905639648,2538.02319335938,27.2195625305176,132.297256469727,814.390747070312,32,21,1220.05334472656,380000,460000
402,-155.67,19.15,16.1646118164062,2561.4501953125,19.7695465087891,124.065673828125,1359.79028320312,15,10,1174.89880371094,2250,2250
403,-155.22,19.41,17.3976879119873,4414.38720703125,22.6341648101807,127.045341491699,1132.35205078125,21.3755264282227,13.9250659942627,1195.37438964844,1033.5,475
404,-155.59,19.15,19.7558612823486,2644.62573242188,20.3606414794922,123.779159545898,729.949829101562,15,10,1290.33911132812,4000,4000
405,-155.29,19.67,16.5845317840576,4550.35205078125,23.613748550415,130.483749389648,1293.60729980469,10,7,1159.25524902344,2250,2250
406,-155.27,19.87,15.854323387146,4470.8203125,24.5733909606934,128.431427001953,1383.669921875,9.2060022354126,6.1373348236084,1139.10888671875,8000,7500
407,-156.16,20.79,17.5673770904541,5610.97021484375,27.9787826538086,137.24446105957,955.935241699219,18,12,1190.35314941406,545000,460000
408,-155.29,19.71,16.8934574127197,4429.9697265625,23.8283519744873,130.574035644531,1224.21301269531,16.8150520324707,10.8943157196045,1170.88830566406,4000,4000
409,-159.62,22.14,15.9134654998779,2768.79443359375,26.611198425293,154.382049560547,1185.7392578125,28,18,1157.92248535156,4150000,5e+06
410,-155.23,19.68,18.7654609680176,4352.9072265625,23.4791107177734,127.293472290039,869.868957519531,10,7,1232.57104492188,162,100
411,-155.27,19.92,17.1612567901611,4203.24658203125,24.6769046783447,128.783905029297,1108.15246582031,15,10,1182.91918945312,182000,95000
412,-155.23,19.54,17.3703289031982,4728.46728515625,22.9925022125244,128.71891784668,1151.75952148438,18.1772308349609,12.2036924362183,1189.18530273438,1125,1125
413,-155.61,20.05,18.496826171875,2411.39770507812,25.8561153411865,131.667007446289,858.469970703125,53.3827857971191,34.5370903015137,1225.67907714844,190000,460000
414,-155.17,19.54,19.2896366119385,4423.2666015625,22.835657119751,124.897041320801,795.016357421875,41.1027908325195,26.7351951599121,1255.88024902344,1125,1125
415,-155.53,19.21,19.6869297027588,2843.21533203125,20.966968536377,125.015983581543,705.182312011719,15,10,1286.68041992188,8000,7500
416,-155.89,19.58,18.0788249969482,961.597351074219,21.6241989135742,134.753265380859,1023.6865234375,34.3494606018066,22.2973899841309,1228.6416015625,710,475
417,-155.83,19.44,17.3417682647705,1006.28820800781,19.6380844116211,132.27717590332,1170.63317871094,20,13,1208.15356445312,1125,1125
418,-155.5,19.24,19.2438144683838,3071.79370117188,21.2877254486084,125.79460144043,825.236022949219,15,10,1266.37976074219,20500,20000
419,-155.75,20.18,20.9535274505615,2050.33154296875,28.1702079772949,130.407470703125,469.856964111328,28,18,1273.98107910156,190000,460000
420,-155.02,19.46,21.5151386260986,3857.7705078125,22.0565910339355,118.005668640137,428.594909667969,28,18,1324.17785644531,575,475
421,-155.63,19.1,19.238187789917,2418.34106445312,20.1257286071777,122.87060546875,784.920288085938,15,10,1280.20043945312,4000,4000
422,-155.12,19.59,21.1864891052246,4125.4716796875,22.8077507019043,122.500518798828,504.804748535156,26,17,1304.12243652344,1125,1125
423,-155.86,19.47,18.3835926055908,940.124755859375,19.8837280273438,133.226119995117,991.107971191406,24.7208003997803,16.1472015380859,1240.689453125,2250,2250
424,-155.22,19.48,17.742015838623,4612.32080078125,22.7940006256104,127.539863586426,1069.53247070312,32.0762634277344,20.922664642334,1206.69421386719,8000,7500
425,-155.15,19.44,19.1098651885986,4205.31201171875,22.4709205627441,123.634475708008,818.836242675781,29.3476276397705,19.0107192993164,1252.8623046875,1033.5,475
426,-155.95,19.7,19.106029510498,869.235046386719,24.7487087249756,136.063354492188,835.100952148438,48.6488380432129,31.1401691436768,1259.71862792969,2250,2250
427,-155.22,19.61,18.6799144744873,4446.73779296875,23.1696319580078,127.114898681641,895.744445800781,10,7,1231.25146484375,8000,7500
428,-155.68,19.11,17.8793678283691,2094.91455078125,20.1973819732666,124.016311645508,1019.82385253906,15,10,1238.10986328125,2250,2250
429,-155.85,19.42,19.5673484802246,869.245849609375,19.2242641448975,132.56135559082,789.150939941406,20.5610218048096,13.3740148544312,1281.05969238281,4000,4000
430,-155.05,19.54,22.4878559112549,3860.189453125,22.259916305542,119.073143005371,300.040771484375,37,24,1344.74841308594,575,475
431,-155.26,19.58,16.8177433013916,4768.08642578125,23.166446685791,129.784133911133,1246.40112304688,17,11,1169.79797363281,475,475
432,-155.23,19.41,17.3976879119873,4414.38720703125,22.6341648101807,127.045341491699,1132.35205078125,21.3755264282227,13.9250659942627,1195.37438964844,1033.5,475
433,-155.27,19.7,17.4861354827881,4431.6181640625,23.7260665893555,129.771362304688,1101.95385742188,17,11,1192.89086914062,4000,4000
434,-154.96,19.44,21.6941184997559,3896.82055664062,22.1861343383789,115.621994018555,393.460083007812,34,22,1329.96826171875,1125,1125
435,-155.35,19.98,17.8414535522461,3693.27172851562,24.8382053375244,128.833969116211,977.368713378906,15,10,1205.36437988281,37500,20000
436,-155.14,19.76,21.7531127929688,3990.13891601562,23.4871463775635,122.183685302734,399.618438720703,30.9260921478271,20.1945686340332,1310.82165527344,182000,95000
437,-157.79,21.37,22.1005058288574,1700.86804199219,40.6834907531738,135.782531738281,220.482177734375,65,42,1320.62939453125,6e+05,460000
438,-158.03,21.6,21.9429321289062,1485.08947753906,40.2499961853027,137.362487792969,275.955413818359,43,28,1345.27172851562,2400000,3e+06
439,-156.3,20.89,21.6348724365234,4839.0029296875,27.6800708770752,127.147583007812,354.821502685547,59,38,1278.62341308594,545000,460000
440,-158.01,21.43,23.4001560211182,814.610412597656,43.6076889038086,136.481292724609,142.722457885742,81.0023040771484,52.0882415771484,1377.38195800781,NA,NA
441,-155.07,19.72,24.5019035339355,2553.80541992188,22.6810054779053,119.214500427246,6.15756607055664,65,42,1383.37768554688,1125,1125
442,-156.88,20.82,18.4976425170898,4967.76025390625,40.9933395385742,141.203491210938,881.537353515625,34.9488906860352,22.5930576324463,1210.6748046875,1380000,1500000
443,-155.87,19.11,23.4442691802979,706.589233398438,17.8163795471191,124.320663452148,201.107955932617,17,11,1391.18713378906,475,475
444,-155.2,19.95,23.0177040100098,3496.95190429688,24.3231410980225,121.483535766602,224.541961669922,20.4961280822754,13.6640853881836,1324.38439941406,182000,95000
445,-155.46,19.27,20.3645610809326,2272.83056640625,23.6381912231445,125.58113861084,629.407897949219,21,14,1297.4580078125,20500,20000
446,-155.45,20.04,19.7381191253662,3077.59155273438,25.5966739654541,127.976043701172,652.437744140625,26.0723743438721,16.8137683868408,1252.162109375,182000,95000
447,-155.12,19.77,22.8694763183594,3841.41528320312,23.4046249389648,120.98119354248,241.982498168945,50.5066108703613,32.587085723877,1338.79064941406,182000,95000
448,-155.38,20.02,20.3017234802246,3272.91650390625,25.0026626586914,126.477409362793,580.130798339844,15,10,1265.15161132812,37500,20000
449,-155.46,19.99,17.1200065612793,3189.81665039062,24.7156581878662,131.43342590332,1111.09375,15,10,1185.7587890625,182000,95000
450,-155.83,19.64,14.9015951156616,1791.09411621094,22.3321380615234,126.373550415039,1683.58557128906,12,8,1113.19177246094,2250,2250
451,-154.96,19.4,23.2749195098877,3596.47509765625,22.179069519043,114.30428314209,163.241668701172,34,22,1377.37670898438,300,475
452,-156.31,20.69,12.3796482086182,2071.65576171875,40.2049598693848,120.712966918945,2298.20288085938,28,18,1037.17797851562,9000,7500
453,-155.83,19.8,19.4488410949707,1074.73559570312,25.2431888580322,135.558670043945,774.282897949219,25.2763423919678,16.1842288970947,1260.41149902344,2250,2250
454,-159.7,22.02,20.6520252227783,1423.05004882812,32.2833480834961,142.907440185547,398.95654296875,34.0770111083984,22.0462074279785,1389.74523925781,4750000,5e+06
455,-155.39,19.35,18.9959373474121,1969.95983886719,23.3343029022217,126.989349365234,860.031677246094,20.3878326416016,13.5918893814087,1253.42565917969,1125,1125
456,-158.01,21.55,21.0317134857178,1171.28857421875,42.2311630249023,137.349853515625,385.141967773438,58.4642715454102,37.6428489685059,1323.29565429688,2400000,3e+06
457,-158.09,21.39,19.8810138702393,2841.0078125,39.7431945800781,138.858917236328,580.524780273438,73.2279968261719,47.2995567321777,1300.59729003906,3010000,3e+06
458,-155.43,19.33,18.651819229126,2965.39672851562,22.4599685668945,127.550750732422,934.004211425781,18.4163017272949,12.2775344848633,1241.68359375,1125,1125
459,-156.64,20.91,19.8779411315918,2721.60034179688,39.3329582214355,132.028625488281,625.227111816406,53,34,1247.48840332031,1650000,1500000
460,-159.38,22.06,23.4752674102783,1644.92443847656,25.0198783874512,141.992248535156,99.3939514160156,59.9158210754395,38.6109733581543,1348.78820800781,2e+06,1500000
461,-157.84,21.48,24.5528602600098,1401.64294433594,39.6564331054688,136.308975219727,11.9080219268799,65,41.5739440917969,1337,NA,NA
462,-159.54,22.21,23.9612998962402,1927.42724609375,24.0910701751709,143.025299072266,59.2298698425293,51.1167449951172,32.8722991943359,1381.22485351562,NA,NA
463,-155.23,19.38,17.8720073699951,3928.42919921875,22.7264728546143,126.139709472656,1047.78662109375,26,17,1215.15502929688,300,475
464,-158.23,21.5,24.364538192749,668.160888671875,40.8121757507324,137.427429199219,20.3346252441406,57.0526008605957,36.7341918945312,1423.56579589844,NA,NA
465,-155.5,19.14,24.6673927307129,1803.02038574219,21.1675205230713,121.288360595703,11.8748464584351,21,14,1407.26733398438,2250,2250
466,-156.62,20.87,18.8933601379395,3275.61596679688,39.2337837219238,137.622985839844,896.944763183594,43.1182556152344,28.0709533691406,1214.12976074219,1650000,1500000
467,-155.59,19.02,24.2298889160156,1885.38513183594,20.3963108062744,118.192153930664,56.0129928588867,15,10,1405.61743164062,4000,4000
468,-157.96,21.43,23.3407459259033,724.5986328125,42.7493782043457,136.356079101562,130.292327880859,78.1387100219727,50.1791801452637,1369.58715820312,2400000,3e+06
469,-155.68,19.62,13.9899959564209,1438.47143554688,21.410005569458,121.260726928711,1997.00805664062,9,6,1061.48107910156,158,100
470,-155.08,19.64,23.1373653411865,3786.84130859375,22.7072429656982,120.156059265137,205.645645141602,36.7309150695801,23.7068214416504,1360.07849121094,1125,1125
471,-155.11,19.69,23.502513885498,3689.48901367188,22.9227523803711,120.787185668945,157.698303222656,53.0893440246582,34.1054229736328,1365.72021484375,1125,1125
472,-155.85,19.23,19.0122756958008,839.427001953125,18.0361385345459,127.899940490723,859.082397460938,20,13,1271.55615234375,2250,2250
473,-155.8,19.09,20.7339153289795,851.884521484375,19.4100017547607,122.980560302734,558.274597167969,21,14,1329.45056152344,1125,1125
474,-155.01,19.45,21.2575531005859,3842.72314453125,22.1534671783447,117.661041259766,463.834167480469,28,18,1317.74243164062,1033.5,475
475,-155.41,19.66,14.3421831130981,4176.30224609375,22.3862323760986,122.718185424805,1870.44812011719,9,6,1070.99084472656,2250,2250
476,-155.83,19.55,16.4675674438477,1123.89501953125,21.1155300140381,132.86669921875,1331.30383300781,20.9193458557129,13.7516078948975,1174.30126953125,2250,2250
477,-154.86,19.52,23.7463207244873,3438.92651367188,21.7048110961914,112.33186340332,74.4801330566406,28,18,1388.919921875,227,100
478,-155.63,19.23,14.174732208252,2906.65258789062,18.9595031738281,117.167770385742,1897.05163574219,11.7750406265259,7.85002660751343,1081.40698242188,475,475
479,-155.34,19.55,14.4195432662964,4743.66796875,21.9504508972168,122.070266723633,1855.56530761719,12.3420114517212,8.22800731658936,1070.71862792969,475,475
480,-159.48,22.03,21.0170822143555,2357.98754882812,25.4002380371094,142.604965209961,343.131866455078,28,18,1354.37756347656,2e+06,1500000
481,-155.45,19.38,15.6836042404175,3993.744140625,21.9904823303223,126.758270263672,1521.82446289062,9,6,1130.92602539062,1125,1125
482,-155.81,19.77,17.5582466125488,1476.46215820312,24.0322742462158,135.846282958984,1096.86950683594,18,12,1204.84887695312,2250,2250
483,-155.32,19.5,15.3989810943604,4832.015625,22.6861724853516,126.230453491211,1576.02563476562,13.2233476638794,9.05122089385986,1109.38525390625,8000,7500
484,-155.11,19.49,20.5533294677734,4103.05615234375,22.4377956390381,121.866188049316,590.241149902344,37,24,1292.45056152344,1033.5,475
485,-155.26,19.38,17.7104072570801,3549.96923828125,23.03200340271,126.890602111816,1080.74267578125,26,17,1208.70532226562,575,475
486,-155.68,20.12,17.0644588470459,2594.70703125,27.9010410308838,133.548324584961,1083.97119140625,28,18,1188.70690917969,380000,460000
487,-155.31,19.47,15.9915075302124,4594.93359375,22.8756675720215,127.93635559082,1443.50915527344,10,7,1139.80541992188,475,475
488,-155.92,19.65,17.9413356781006,938.550720214844,23.3589668273926,135.421096801758,1038.97265625,24.5693607330322,16.0968036651611,1225.16748046875,20500,20000
489,-155.91,19.74,16.246187210083,1949.31201171875,20.3165378570557,133.526229858398,1328.50305175781,18,12,1167.81408691406,4000,4000
490,-155.39,19.68,14.6324167251587,4340.09814453125,22.6523380279541,124.27449798584,1763.25354003906,15,10,1084.50610351562,82,100
491,-155.81,19.72,15.9563541412354,2273.544921875,22.0150947570801,132.663070678711,1402.63952636719,13.4162664413452,8.70813274383545,1154.14660644531,2250,2250
492,-155.05,19.49,21.66184425354,3930.75073242188,22.192455291748,119.144584655762,418.87939453125,28,18,1325.58020019531,1033.5,475
493,-155.52,19.33,14.0855321884155,3632.86547851562,20.1230506896973,118.756828308105,1984.66821289062,9,6,1061.96154785156,1125,1125
494,-155.25,19.32,19.187572479248,3027.25219726562,24.3199615478516,123.976844787598,828.824951171875,15,10,1257.14038085938,2250,2250
495,-155.81,19.47,15.89430809021,1147.29760742188,20.1639938354492,129.547241210938,1457.39001464844,19.1565742492676,12.5782871246338,1151.30114746094,1125,1125
496,-154.94,19.4,23.9829444885254,3191.84301757812,22.1363334655762,113.372680664062,67.7932434082031,34,22,1395.25952148438,300,475
497,-155.79,20.17,19.0085029602051,1916.58740234375,27.6279067993164,132.892379760742,757.68603515625,33.6019973754883,21.7346649169922,1238.07995605469,190000,460000
498,-155.38,19.3,19.9168643951416,1846.47900390625,25.336332321167,125.200119018555,718.781433105469,15,10,1281.3681640625,98,100
499,-155.79,19.17,15.9599380493164,1069.56896972656,19.4795799255371,123.886764526367,1409.61071777344,16.7807350158691,11.1871566772461,1168.7060546875,475,475
500,-155.81,19.14,18.6111869812012,896.351257324219,18.9748249053955,125.299560546875,903.450012207031,15,10,1263.37036132812,475,475
501,-155.86,19.6,16.4806842803955,1110.91589355469,22.2478332519531,133.52702331543,1325.27685546875,18,12,1175.24584960938,710,475
502,-155.83,19.19,18.6707229614258,861.670532226562,18.1597309112549,126.74853515625,901.65478515625,20,13,1265.25207519531,2250,2250
503,-155.93,19.66,18.4729270935059,905.623229980469,23.4972953796387,135.619430541992,939.051025390625,38.2668113708496,24.7707595825195,1242.65283203125,20500,20000
504,-155.7,19.17,14.9828758239746,2468.55688476562,18.7761287689209,120.062057495117,1627.09289550781,9,6,1127.4443359375,101,100
505,-155.79,19.11,19.5747509002686,894.569763183594,19.5648136138916,123.996963500977,737.40380859375,37,24,1295.35961914062,1125,1125
506,-155.32,19.76,14.9111156463623,4564.9365234375,23.6548328399658,125.414054870605,1653.38940429688,10,7,1099.36547851562,37500,20000
507,-155.25,19.96,20.4786071777344,3801.93237304688,24.643253326416,124.194984436035,547.955688476562,15,10,1271.69580078125,182000,95000
508,-155.83,19.52,16.2748527526855,1131.98767089844,20.718412399292,131.695358276367,1384.89001464844,24.0889892578125,15.5556182861328,1166.59851074219,475,475
509,-155.39,19.61,14.1376390457153,4276.14990234375,22.0457878112793,121.419021606445,1954.41552734375,15,10,1057.73120117188,2250,2250
510,-155.13,19.53,20.5014095306396,4228.06005859375,22.655216217041,122.85578918457,599.807800292969,43,28,1288.65930175781,20500,20000
511,-155.47,19.4,14.1593360900879,3914.205078125,20.670804977417,120.040519714355,1970.37316894531,9,6,1061.31848144531,1125,1125
512,-155.56,19.81,12.0590381622314,1276.07775878906,24.8074893951416,132.696319580078,2673.625,9,6,957.814697265625,37500,20000
513,-155.75,19.53,14.3435382843018,1245.6787109375,19.8705406188965,121.991439819336,1867.72924804688,12,8,1083.92456054688,2250,2250
514,-155.55,19.8,11.9470901489258,1278.64172363281,24.7655048370361,133.467742919922,2699.46240234375,9,6,952.768920898438,37500,20000
515,-156.12,20.82,23.1089916229248,4590.51806640625,27.4702987670898,126.365043640137,210.287826538086,25,16,1301.43823242188,545000,460000
516,-155.89,19.45,23.7204303741455,715.200134277344,19.1316890716553,134.738815307617,185.914855957031,26,17,1388.80480957031,1125,1125
517,-155.96,19.61,23.7182064056396,707.086059570312,21.6692600250244,137.179397583008,174.365646362305,59,38,1385.38122558594,8000,7500
518,-155.95,19.54,23.9125480651855,701.016662597656,20.3885974884033,136.359649658203,162.319885253906,48,27.9914398193359,1389.62939453125,8000,7500
519,-156.85,20.87,24.7547512054443,3565.23901367188,38.8171920776367,131.48258972168,12.8562421798706,32,21,1418.77233886719,NA,NA
520,-158.12,21.36,22.6266422271729,1372.43701171875,42.7662696838379,136.507064819336,267.723907470703,64.5048675537109,44.7552375793457,1374.51281738281,3305000,3e+06
521,-159.43,22.01,22.2348861694336,2056.25537109375,25.3315448760986,141.992324829102,257.994659423828,34,22,1353.29272460938,2e+06,1500000
522,-157.98,21.47,22.2528610229492,847.894958496094,42.3076934814453,136.56999206543,248.944610595703,59,38,1347.49230957031,2400000,3e+06
523,-159.33,22.14,22.8189182281494,1832.99597167969,24.5069751739502,142.65934753418,207.907028198242,46.1176948547363,30.0719738006592,1345.47155761719,2e+06,1500000
524,-158.14,21.54,21.4537506103516,3200.76635742188,35.6119918823242,137.707427978516,338.6298828125,28,18,1342.58312988281,3305000,3e+06
525,-156.93,20.85,20.1834697723389,3621.89990234375,40.8098220825195,132.257080078125,561.433532714844,57,37,1253.77685546875,1380000,1500000
526,-155.44,19.31,19.0727214813232,2857.11254882812,22.4425621032715,126.970069885254,848.939453125,18.6208229064941,12.4138813018799,1258.484375,1125,1125
527,-155.84,19.1,22.211763381958,758.197570800781,18.3775215148926,123.983032226562,366.806457519531,15,10,1364.37329101562,1125,1125
528,-155.54,19.13,23.527868270874,2404.57055664062,20.719030380249,122.034286499023,160.463287353516,21,14,1380.20617675781,4000,4000
529,-155.94,19.53,23.198356628418,727.512023925781,20.3925628662109,136.344024658203,264.580230712891,53.8718414306641,34.9145622253418,1375.73596191406,8000,7500
530,-155.64,19.02,22.5477733612061,2106.09204101562,19.9462184906006,119.292327880859,299.67529296875,21,14,1362.46630859375,4000,4000
531,-155.92,19.54,20.8788471221924,816.628295898438,20.624418258667,135.640975952148,586.996215820312,58.2384338378906,37.4922866821289,1318.82067871094,20500,20000
532,-155.73,20.02,20.1596813201904,1155.82958984375,28.3255233764648,132.948455810547,607.551208496094,33.2194862365723,21.4796562194824,1267.27563476562,182000,95000
533,-155.62,19.81,14.2155332565308,1440.28161621094,24.594274520874,123.646751403809,1849.91174316406,28,18,1081.30834960938,37500,20000
534,-155.7,19.66,14.9387445449829,1450.13940429688,22.3473167419434,126.948028564453,1676.20581054688,8.18024349212646,5.45349550247192,1109.03381347656,4000,4000
