"PlotID","Long_Dec","Lat_Dec","newMAT","newMAP","newPET","AridInd"
304,-159.72,22.07,20.662353515625,1405.33447265625,1502.82824707031,0.776578759765625
454,-159.7,22.02,22.0481033325195,1427.58337402344,1640.15808105469,0.8946318359375
327,-159.69,22.1,19.1008575439453,1741.25170898438,1351.87683105469,0.685335595703125
195,-159.689736111111,22.1414666666667,19.8759216308594,1922.71398925781,1436.63781738281,0.587823974609375
230,-159.683902777778,22.1267555555556,18.4452056884766,1904.88012695312,1292.04638671875,0.74322158203125
337,-159.68,22.06,19.241047668457,2021.39892578125,1356.43298339844,1.00660283203125
196,-159.667991666667,22.1477722222222,19.2353317260742,2402.31909179688,1404.48559570312,0.66031015625
194,-159.660227,22.130645,17.5959381103516,2476.16235351562,1216.93627929688,0.8794953125
308,-159.65,22.13,17.5858001708984,2758.74829101562,1216.29125976562,0.893069921875
295,-159.645938888889,22.061,22.062174987793,1633.67919921875,1644.52966308594,0.7108275390625
341,-159.64,22.17,22.747834777832,2081.52563476562,1799.25744628906,0.4532271484375
287,-159.626792,22.14813,18.5441497802734,2733.23315429688,1321.49572753906,1.33975458984375
409,-159.62,22.14,17.4362365722656,3025.56689453125,1206.31689453125,1.53796328125
223,-159.574239,22.217716,23.8667221069336,2849.26123046875,1824.94287109375,0.450840380859375
462,-159.54,22.21,24.2323699951172,2667.9140625,1880.85510253906,0.513702490234375
480,-159.48,22.03,22.2114685058594,2667.8037109375,1625.91784667969,2.461365234375
282,-159.479912,22.186576,23.0748764038086,2700.88598632812,1755.15270996094,1.2472017578125
339,-159.47,22.15,23.0527725219727,2333.84008789062,1731.62719726562,1.7109978515625
521,-159.43,22.01,22.8520370483398,2464.17895507812,1718.84350585938,1.27364423828125
218,-159.412501,22.091171,22.3981384277344,2466.02880859375,1659.88134765625,1.92853671875
460,-159.38,22.06,23.6868530273438,2211.75073242188,1827.74670410156,1.1392744140625
523,-159.33,22.14,23.3032028198242,2459.26782226562,1792.06042480469,1.0629611328125
464,-158.23,21.5,24.6,797.607727050781,1994.20910644531,0.4184056640625
173,-158.223280555556,21.5472722222222,22.8071823120117,1023.61657714844,1838.08984375,0.45530595703125
143,-158.19395,21.536533,21.8833938598633,1172.78759765625,1751.86352539062,0.697373291015625
297,-158.18,21.5,22.3164352416992,1002.80871582031,1770.26477050781,0.8604775390625
320,-158.18,21.54,21.0722900390625,1424.73767089844,1675.41735839844,1.00258271484375
524,-158.14,21.54,22.7481582641602,1310.75891113281,1825.45141601562,0.753994140625
520,-158.12,21.36,23.4404434204102,734.214050292969,1936.17468261719,0.401969091796875
342,-158.11,21.45,23.103337097168,902.714172363281,1855.12414550781,0.7352177734375
285,-158.100992,21.413189,20.7539916992188,1084.43518066406,1657.43017578125,1.04312421875
141,-158.096661111111,21.4177555555556,20.3684326171875,1229.08654785156,1627.61364746094,1.09686474609375
457,-158.09,21.39,21.5838439941406,1138.18615722656,1738.53356933594,0.88977802734375
338,-158.06,21.56,23.2890365600586,952.5927734375,1892.06921386719,0.56571640625
438,-158.03,21.6,22.7086334228516,1196.58410644531,1838.62756347656,0.6669955078125
296,-158.016838,21.623398,23.0055419921875,1212.02575683594,1855.07958984375,0.65158994140625
440,-158.01,21.43,23.8091018676758,908.342651367188,1958.19274902344,0.546595361328125
456,-158.01,21.55,22.2696029663086,1164.26342773438,1806.25354003906,0.66193154296875
376,-158.01,21.68,23.4632690429688,1471.89184570312,1903.09619140625,0.52167607421875
359,-157.99,21.52,22.2212448120117,1223.78894042969,1793.328125,0.678585888671875
319,-157.99,21.64,22.1928207397461,1683.10778808594,1762.88024902344,1.07040546875
522,-157.98,21.47,23.1103530883789,1087.52648925781,1892.58435058594,0.610202099609375
468,-157.96,21.43,23.6899978637695,978.094848632812,1967.42102050781,0.554204443359375
314,-157.95,21.5,21.9203903198242,1526.14025878906,1763.16564941406,0.99520322265625
374,-157.94,21.62,23.4302825927734,1809.09790039062,1896.17919921875,0.869870703125
288,-157.929437,21.533393,20.5825454711914,2157.36474609375,1636.17541503906,1.887364453125
1,-157.880206,21.406344,22.724983215332,1084.16577148438,1849.39709472656,0.960798046875
300,-157.85,21.4,21.5755264282227,1339.50903320312,1726.44445800781,2.3735052734375
461,-157.84,21.48,24.6,1316.16198730469,2048,0.6356494140625
344,-157.83,21.36,22.0538024902344,1015.74572753906,1785.396484375,1.56509423828125
437,-157.79,21.37,23.1991088867188,1130.83764648438,1882.16162109375,2.250245703125
229,-157.779529,21.349632,23.3099563598633,1096.22778320312,1878.01550292969,2.5311412109375
50,-157.743028,21.316545,21.2293060302734,1097.15612792969,1698.05090332031,2.69058671875
180,-156.988458333333,20.8780555555556,21.7426193237305,803.600646972656,1814.3984375,0.64957451171875
178,-156.976552777778,20.8759166666667,21.7536209106445,829.488403320312,1811.259765625,0.720657666015625
179,-156.967322222222,20.8734472222222,21.6493453979492,817.915161132812,1807.47497558594,0.735133203125
176,-156.959069444444,21.1125694444444,20.6291793823242,699.785522460938,1737.41821289062,0.69388896484375
525,-156.93,20.85,21.6578689575195,741.290466308594,1798.20874023438,0.69732158203125
174,-156.929944,21.116536,19.0038269042969,880.958740234375,1601.15466308594,0.8182166015625
175,-156.929944,21.119022,19.0038269042969,880.958740234375,1601.15466308594,0.8182166015625
153,-156.916488637046,21.1584577217569,21.5725646972656,952.967956542969,1846.75854492188,0.81332099609375
151,-156.915264716171,21.1557965495072,21.7914413452148,974.966796875,1923.93017578125,0.92086455078125
170,-156.912148549033,21.1507729944598,19.2475875854492,1041.97583007812,1621.15942382812,1.125501171875
168,-156.910959815449,21.1538469285018,19.2475875854492,1041.97583007812,1621.15942382812,1.125501171875
149,-156.910251673945,21.1405084013762,19.3064804077148,1058.65783691406,1656.46557617188,1.09106787109375
152,-156.909560009539,21.1308005398486,18.5721221923828,1084.2119140625,1580.0146484375,0.9785921875
147,-156.908721743235,21.123998855002,17.7570297241211,1076.21179199219,1504.423828125,0.8879076171875
158,-156.908349860167,21.14500944762,18.9342529296875,1061.46057128906,1607.78259277344,1.24765625
157,-156.908203660716,21.1314249917013,18.5721221923828,1084.2119140625,1580.0146484375,0.9785921875
162,-156.907810643895,21.1436481307824,18.9342529296875,1061.46057128906,1607.78259277344,1.24765625
155,-156.907772063552,21.1230840232132,17.3515106201172,1166.142578125,1475.13220214844,1.32071728515625
144,-156.907542101066,21.1463179889582,18.9342529296875,1061.46057128906,1607.78259277344,1.24765625
145,-156.907504360639,21.1407815140105,19.3064804077148,1058.65783691406,1656.46557617188,1.09106787109375
161,-156.907216843378,21.1427467192195,18.9342529296875,1061.46057128906,1607.78259277344,1.24765625
159,-156.907023845597,21.1372986336997,19.3064804077148,1058.65783691406,1656.46557617188,1.09106787109375
172,-156.906759013172,21.1266839152138,17.6435073852539,1157.50170898438,1495.26904296875,1.36168310546875
171,-156.906632198215,21.1357133639375,18.0338256835938,1142.52624511719,1508.82214355469,1.4043236328125
169,-156.906413699527,21.1464665903276,18.9342529296875,1061.46057128906,1607.78259277344,1.24765625
146,-156.905834858542,21.1486088054269,18.9342529296875,1061.46057128906,1607.78259277344,1.24765625
154,-156.905669774241,21.1357014603087,18.0338256835938,1142.52624511719,1508.82214355469,1.4043236328125
167,-156.904525200004,21.1370058230144,18.0338256835938,1142.52624511719,1508.82214355469,1.4043236328125
160,-156.904348259898,21.1345291380334,18.0338256835938,1142.52624511719,1508.82214355469,1.4043236328125
164,-156.904268705022,21.1442906626711,18.4536804199219,1117.36364746094,1537.55383300781,1.4020509765625
156,-156.904154973543,21.1386900366261,18.0338256835938,1142.52624511719,1508.82214355469,1.4043236328125
148,-156.903254853603,21.145876589566,18.4536804199219,1117.36364746094,1537.55383300781,1.4020509765625
166,-156.902916678906,21.141862640184,18.4536804199219,1117.36364746094,1537.55383300781,1.4020509765625
150,-156.90073319951,21.1431089401108,18.4536804199219,1117.36364746094,1537.55383300781,1.4020509765625
163,-156.899934908958,21.1314490696631,17.6435073852539,1157.50170898438,1495.26904296875,1.36168310546875
165,-156.899266082804,21.1379250174543,18.0338256835938,1142.52624511719,1508.82214355469,1.4043236328125
442,-156.88,20.82,19.6140655517578,853.932922363281,1593.05554199219,1.9444078125
459,-156.64,20.91,21.5624908447266,869.882751464844,1777.22473144531,0.7085900390625
299,-156.64,20.97,22.663508605957,968.543334960938,1891.29309082031,0.635924951171875
378,-156.62,21,23.4078735351562,1105.55114746094,1974.78039550781,0.667001953125
222,-156.597297222222,20.8582972222222,19.5870834350586,1205.69421386719,1631.95043945312,0.9313962890625
345,-156.57,20.98,21.977018737793,1344.23010253906,1792.72412109375,1.16476416015625
294,-156.546013,20.947536,21.667643737793,1354.92578125,1745.35473632812,2.10592734375
377,-156.53,20.98,24.3081466674805,1160.5537109375,2003.59521484375,0.737095361328125
177,-156.339097222222,20.6202666666667,20.6931060791016,918.92236328125,1699.21362304688,0.851403515625
452,-156.31,20.69,11.7945243835449,990.514465332031,1265.04431152344,0.717193115234375
439,-156.3,20.89,22.4824478149414,1662.1875,1815.47839355469,0.659748486328125
219,-156.290347,20.727622,12.9167465209961,1165.07861328125,1300.47033691406,0.89793583984375
142,-156.277379,20.827244,19.3168243408203,1762.59875488281,1590.17309570312,0.98066455078125
224,-156.253849,20.800458,15.8587829589844,2151.8271484375,1406.01599121094,1.27805673828125
343,-156.25,20.88,21.7990615844727,2235.5751953125,1742.19250488281,0.83278271484375
348,-156.23,20.85,20.0269287109375,2540.90576171875,1603.17932128906,1.310109375
15,-156.228992,20.779832,13.5847412109375,2581.36376953125,1306.75256347656,1.22877109375
364,-156.21,20.8,17.2610290527344,2860.26098632812,1426.40637207031,3.63274453125
365,-156.16,20.75,12.8882934570312,2662.2978515625,1286.6455078125,1.18234384765625
407,-156.16,20.79,18.6491516113281,2892.57495117188,1517.46569824219,1.40967529296875
19,-156.135134499624,20.7075815949577,12.6712829589844,2532.91748046875,1271.48706054688,1.2086123046875
27,-156.123122471808,20.7131677139381,14.873503112793,2686.68676757812,1346.6083984375,1.3677646484375
350,-156.12,20.79,20.0295059204102,2870.7841796875,1596.80310058594,1.22514716796875
515,-156.12,20.82,23.046728515625,2670.08081054688,1813.771484375,0.9567640625
22,-156.11424837775,20.7065374748014,15.5203048706055,2720.1025390625,1356.54943847656,1.61643046875
21,-156.113628210961,20.7316590594055,13.2440093994141,2735.49389648438,1290.37133789062,1.2876724609375
23,-156.112575583867,20.7062115118964,15.5203048706055,2720.1025390625,1356.54943847656,1.61643046875
36,-156.11202893071,20.6945571223736,14.9947769165039,2681.48193359375,1332.32409667969,1.5697873046875
28,-156.1110556532,20.6932679431706,14.9947769165039,2681.48193359375,1332.32409667969,1.5697873046875
41,-156.110406403513,20.6920925261221,15.8879180908203,2574.54541015625,1383.27014160156,1.3190197265625
46,-156.109147474883,20.7063706079119,15.5203048706055,2720.1025390625,1356.54943847656,1.61643046875
31,-156.106695471761,20.7137317487841,16.0886367797852,2748.19848632812,1394.55822753906,1.4902529296875
26,-156.104872469679,20.7056577985689,17.1343200683594,2711.64794921875,1430.24877929688,1.699228125
47,-156.103513612238,20.7110241940671,17.3654769897461,2745.37646484375,1448.29992675781,1.6655404296875
43,-156.100745059114,20.7183618258824,16.2745742797852,2806.45849609375,1392.5576171875,1.954186328125
40,-156.100467405907,20.7158114701556,17.3654769897461,2745.37646484375,1448.29992675781,1.6655404296875
39,-156.100350007875,20.7169378931642,17.3654769897461,2745.37646484375,1448.29992675781,1.6655404296875
362,-156.1,20.74,14.7734298706055,2908.671875,1315.95104980469,2.12460703125
49,-156.099811403135,20.6988653456357,16.6310516357422,2691.81494140625,1398.95874023438,1.8920080078125
33,-156.099415260639,20.7131216759929,17.3654769897461,2745.37646484375,1448.29992675781,1.6655404296875
32,-156.099386417312,20.7141322374686,17.3654769897461,2745.37646484375,1448.29992675781,1.6655404296875
42,-156.09867188485,20.7113488341472,17.3654769897461,2745.37646484375,1448.29992675781,1.6655404296875
24,-156.095650890638,20.6961863305729,18.4335739135742,2573.94653320312,1486.18103027344,2.0499173828125
48,-156.094607065711,20.7292804288692,14.4511932373047,2861.75244140625,1304.79296875,2.189864453125
38,-156.09255117472,20.6851749961907,18.1884552001953,2557.70678710938,1475.04455566406,1.9099796875
29,-156.09242991326,20.683484863738,18.7012115478516,2489.16528320312,1508.80297851562,1.66821015625
30,-156.092158019284,20.6811422302236,18.7012115478516,2489.16528320312,1508.80297851562,1.66821015625
25,-156.090412820619,20.6921710531845,18.1884552001953,2557.70678710938,1475.04455566406,1.9099796875
45,-156.090071158121,20.7055435416876,18.5685592651367,2589.02075195312,1497.14123535156,2.0642103515625
20,-156.088305797246,20.6904834609909,18.1884552001953,2557.70678710938,1475.04455566406,1.9099796875
35,-156.084016110217,20.690067833358,19.6385375976562,2395.04565429688,1558.16101074219,1.9151373046875
37,-156.082058748661,20.6890868246579,19.6385375976562,2395.04565429688,1558.16101074219,1.9151373046875
34,-156.081391960053,20.6888408184836,19.6385375976562,2395.04565429688,1558.16101074219,1.9151373046875
44,-156.080541561721,20.6816498409796,20.0570617675781,2396.76416015625,1581.97900390625,1.6981525390625
349,-156.07,20.77,20.086882019043,2866.82177734375,1576.63732910156,2.09817734375
388,-156.04,20.72,20.1894134521484,2714.373046875,1561.00146484375,3.0535111328125
358,-156.02,20.69,23.7004028320313,2253.97583007812,1874.06506347656,1.3563947265625
356,-156.02,20.76,22.5931869506836,2699.67700195312,1736.74963378906,2.0594353515625
357,-156,20.72,24.1286804199219,2309.7607421875,1916.75366210938,1.26130791015625
517,-155.96,19.61,23.1094253540039,749.261291503906,1880.13049316406,0.7991978515625
518,-155.95,19.54,24.1239028930664,760.879028320312,2025.91528320312,0.44550126953125
426,-155.95,19.7,19.3331726074219,736.191955566406,1492.13098144531,2.2430205078125
529,-155.94,19.53,23.5860275268555,772.4892578125,1945.771484375,0.571429443359375
182,-155.936438888889,19.7684166666667,21.2693740844727,738.622497558594,1676.98120117188,1.2068533203125
503,-155.93,19.66,19.5797805786133,752.876220703125,1507.05590820312,2.1926685546875
531,-155.92,19.54,21.5870803833008,802.211242675781,1701.00170898438,0.96987578125
488,-155.92,19.65,18.9846862792969,766.36083984375,1469.56884765625,2.2884396484375
489,-155.91,19.74,16.8894561767578,1082.13293457031,1362.57897949219,1.89282421875
516,-155.89,19.45,23.2012832641602,821.684265136719,1860.5185546875,0.88300546875
416,-155.89,19.58,18.4285064697266,826.193237304688,1438.90795898438,1.48429287109375
315,-155.89,19.69,12.5909072875977,924.364562988281,1235.11169433594,1.311387109375
443,-155.87,19.11,23.3763900756836,701.877685546875,1808.37951660156,1.13273525390625
423,-155.86,19.47,19.1465911865234,881.58349609375,1476.47204589844,1.57688427734375
501,-155.86,19.6,17.0245468139648,819.144165039062,1372.04248046875,1.6611517578125
334,-155.86,19.73,15.6840698242187,1177.72021484375,1320.31982421875,1.4261505859375
207,-155.85829,19.316406,21.0737182617187,925.473876953125,1615.70959472656,1.210002734375
472,-155.85,19.23,19.1749359130859,910.870483398438,1451.77502441406,1.6799234375
429,-155.85,19.42,19.5387268066406,926.213256835938,1485.68420410156,1.4437357421875
527,-155.84,19.1,22.3743133544922,715.766723632812,1694.60412597656,1.283705859375
371,-155.83,19.27,17.3884826660156,1009.38830566406,1345.01123046875,1.7772107421875
400,-155.83,19.4,17.8890914916992,997.244689941406,1379.32556152344,1.716844921875
417,-155.83,19.44,17.3858245849609,967.049011230469,1367.91247558594,1.42756240234375
508,-155.83,19.52,16.694416809082,883.038940429688,1358.04650878906,1.22702373046875
476,-155.83,19.55,16.6240921020508,848.564819335938,1359.38037109375,1.05789921875
450,-155.83,19.64,14.6583969116211,1072.91796875,1293.79833984375,1.1294470703125
360,-155.83,19.77,18.2431137084961,782.509338378906,1466.86145019531,1.17484365234375
453,-155.83,19.8,20.3898391723633,644.924499511719,1615.01989746094,0.99753505859375
226,-155.814841666667,19.11375,20.8050842285156,758.1064453125,1561.4736328125,1.741235546875
227,-155.814727777778,19.1160972222222,20.8050842285156,758.1064453125,1561.4736328125,1.741235546875
500,-155.81,19.14,19.7026473999023,803.824462890625,1479.72534179688,1.9634181640625
495,-155.81,19.47,16.3239700317383,952.965759277344,1337.45397949219,1.2694998046875
491,-155.81,19.72,16.2372985839844,1099.083984375,1369.68078613281,1.08890107421875
482,-155.81,19.77,18.2227554321289,779.790649414062,1469.69348144531,1.00112705078125
473,-155.8,19.09,21.3795867919922,733.052124023438,1609.34912109375,1.56380927734375
324,-155.8,19.2,16.4885467529297,958.976623535156,1310.60717773438,1.849158203125
321,-155.8,19.23,16.0977554321289,1014.43804931641,1287.86779785156,1.8012376953125
505,-155.79,19.11,20.5705703735352,758.617431640625,1549.35998535156,1.78021796875
499,-155.79,19.17,16.7521499633789,922.858581542969,1318.85949707031,1.8876154296875
497,-155.79,20.17,20.2254577636719,1435.82800292969,1604.94396972656,1.01961376953125
305,-155.78,19.19,15.584797668457,981.745422363281,1278.58361816406,1.8356884765625
513,-155.75,19.53,13.4765609741211,873.545166015625,1271.50085449219,1.03698095703125
419,-155.75,20.18,21.9076202392578,1541.95544433594,1718.09069824219,1.051828125
340,-155.75,20.21,23.4432006835938,1518.51599121094,1867.24462890625,0.9986048828125
54,-155.7421494549,19.4060048852486,11.9643775939941,1040.91906738281,1221.42114257812,0.9706958984375
65,-155.740004375435,19.3944076717657,11.2599975585937,1037.25659179688,1210.36437988281,1.0582755859375
532,-155.73,20.02,21.0717697143555,786.039245605469,1693.96838378906,0.553118212890625
391,-155.72,20.08,15.4646133422852,1549.97119140625,1325.2744140625,1.31718681640625
193,-155.704006,20.056842,16.9422027587891,1462.26342773438,1399.0263671875,1.19283974609375
504,-155.7,19.17,15.2731704711914,1521.40295410156,1280.78161621094,1.2784646484375
534,-155.7,19.66,14.888671875,793.882019042969,1320.01818847656,0.681070654296875
347,-155.7,20.16,20.875373840332,1659.76257324219,1625.09533691406,1.35002373046875
88,-155.686461339889,19.1425228960872,16.9480209350586,1373.14709472656,1334.47875976562,1.30516650390625
89,-155.686238044959,19.1398804591377,16.9480209350586,1373.14709472656,1334.47875976562,1.30516650390625
90,-155.68572325221,19.1344882206077,17.3462158203125,1309.22485351562,1353.88122558594,1.3205447265625
98,-155.684212244719,19.1509082514948,16.5612518310547,1428.49304199219,1320.28430175781,1.35434453125
87,-155.683902712144,19.1200130798578,17.8474212646484,1299.3994140625,1372.97399902344,1.6587232421875
72,-155.683889194518,19.1432738389637,16.9480209350586,1373.14709472656,1334.47875976562,1.30516650390625
92,-155.683844219774,19.1169799437513,18.2416793823242,1237.82470703125,1394.96911621094,1.5913376953125
77,-155.682259169056,19.1329495805133,17.4892669677734,1352.90319824219,1354.26403808594,1.6435017578125
75,-155.68128792746,19.1239881922151,17.8474212646484,1299.3994140625,1372.97399902344,1.6587232421875
99,-155.680511500287,19.1259138195881,17.8474212646484,1299.3994140625,1372.97399902344,1.6587232421875
73,-155.680148282049,19.1222440072903,17.8474212646484,1299.3994140625,1372.97399902344,1.6587232421875
100,-155.68010685432,19.113196797704,18.2416793823242,1237.82470703125,1394.96911621094,1.5913376953125
428,-155.68,19.11,18.7150970458984,1167.83740234375,1426.61193847656,1.51903017578125
469,-155.68,19.62,12.7803337097168,834.298950195312,1266.00524902344,0.61443759765625
486,-155.68,20.12,17.8526763916016,1758.34191894531,1402.65966796875,2.3381208984375
76,-155.679507713742,19.1078508767305,18.7150970458984,1167.83740234375,1426.61193847656,1.51903017578125
74,-155.679154107447,19.1041809102729,18.7150970458984,1167.83740234375,1426.61193847656,1.51903017578125
85,-155.678143831242,19.1057397075502,18.7150970458984,1167.83740234375,1426.61193847656,1.51903017578125
94,-155.677082015232,19.1217920382226,17.8474212646484,1299.3994140625,1372.97399902344,1.6587232421875
91,-155.675401426198,19.0970568203496,19.2942779541016,1222.50146484375,1452.51135253906,1.52179638671875
86,-155.671083862622,19.0967312383371,19.2942779541016,1222.50146484375,1452.51135253906,1.52179638671875
402,-155.67,19.15,16.825813293457,1476.41870117188,1312.0126953125,1.675466796875
80,-155.664037144528,19.1908970631664,14.9682220458984,1626.15673828125,1252.89392089844,1.5158259765625
84,-155.661838998027,19.1925001795034,14.9682220458984,1626.15673828125,1252.89392089844,1.5158259765625
97,-155.660210412886,19.1934719514179,14.9682220458984,1626.15673828125,1252.89392089844,1.5158259765625
389,-155.65,20.04,18.398664855957,1582.70263671875,1450.46740722656,1.60677158203125
530,-155.64,19.02,23.1051010131836,1138.81530761719,1792.08288574219,0.94236181640625
396,-155.64,19.14,17.8371078491211,1483.79675292969,1341.15344238281,2.704461328125
366,-155.64,19.18,15.8394119262695,1643.61047363281,1261.03161621094,1.707273046875
421,-155.63,19.1,20.0553039550781,1282.26049804688,1496.91088867188,1.634615625
478,-155.63,19.23,13.6430740356445,1771.28967285156,1214.95886230469,1.6096578125
372,-155.63,20.11,20.1139831542969,1659.43078613281,1546.03771972656,1.777240625
361,-155.61,19.18,17.1931396484375,1632.52319335938,1300.75085449219,3.44236484375
413,-155.61,20.05,19.3367767333984,1585.00610351562,1509.04577636719,1.6987904296875
83,-155.608965711679,19.2448040587541,13.5390975952148,1841.82861328125,1204.77783203125,1.782825390625
81,-155.608034323164,19.2400133446564,13.903108215332,1837.25500488281,1207.1240234375,1.77654296875
93,-155.605898351223,19.2432223742085,13.903108215332,1837.25500488281,1207.1240234375,1.77654296875
79,-155.604026943525,19.2451272863195,13.5390975952148,1841.82861328125,1204.77783203125,1.782825390625
61,-155.600690246458,19.2668560399663,12.824072265625,1841.77270507812,1199.78283691406,1.5472357421875
82,-155.600402175363,19.2516082987534,13.910758972168,1870.71630859375,1199.8271484375,1.8630162109375
71,-155.591915228488,19.2554672899543,13.5453826904297,1873.0625,1195.76806640625,1.728031640625
467,-155.59,19.02,24.4440658569336,1036.96960449219,1955.09912109375,0.7248138671875
367,-155.59,19.14,20.8697509765625,1411.34777832031,1551.64697265625,2.1972634765625
404,-155.59,19.15,20.2241317749023,1445.20739746094,1496.93334960938,2.494073828125
67,-155.583347900272,19.2754549822518,13.104817199707,1896.50146484375,1195.33532714844,1.7624599609375
78,-155.579799994012,19.2656802620036,13.5626007080078,1900.67346191406,1194.31188964844,1.88355703125
95,-155.578201057247,19.2692336450018,13.5440017700195,1924.51391601562,1198.24169921875,1.7744447265625
59,-155.574358357426,19.2959270071373,12.1594017028809,1915.39453125,1191.08544921875,1.649526171875
373,-155.57,19.23,17.0539993286133,1761.74011230469,1295.54431152344,3.0280373046875
68,-155.565224744248,19.3103415040503,11.4950706481934,1906.63513183594,1195.54858398438,1.34178759765625
96,-155.563582334876,19.2812419500488,13.5410842895508,1949.21350097656,1197.99633789062,1.8908927734375
60,-155.560506846501,19.3023889088873,12.3070823669434,1940.4296875,1192.59851074219,1.5825544921875
69,-155.560040835352,19.3084999252017,12.3070823669434,1940.4296875,1192.59851074219,1.5825544921875
512,-155.56,19.81,9.30194244384766,855.074035644531,1199.63916015625,0.61333076171875
58,-155.555882314787,19.297965687704,12.6423133850098,1945.18640136719,1192.78747558594,1.6821939453125
63,-155.554579520583,19.3493573442372,10.1875465393066,1887.88024902344,1188.89794921875,1.05356630859375
70,-155.554350831744,19.3383345667375,10.7051605224609,1900.73559570312,1195.74353027344,1.06149150390625
53,-155.554061586832,19.3423661346721,10.7051605224609,1900.73559570312,1195.74353027344,1.06149150390625
66,-155.552124478822,19.3266895790475,11.5993232727051,1945.32568359375,1195.36193847656,1.49907548828125
57,-155.550890013405,19.3317277213529,11.5993232727051,1945.32568359375,1195.36193847656,1.49907548828125
310,-155.55,19.26,16.148046875,1878.08679199219,1253.00219726562,2.4364234375
514,-155.55,19.8,9.27552337646484,865.564514160156,1197.56384277344,0.614885595703125
52,-155.545551877565,19.3107616433695,12.47041015625,1963.93872070312,1195.591796875,1.63658671875
528,-155.54,19.13,23.2555969238281,1346.26965332031,1789.85632324219,1.25353251953125
370,-155.54,19.25,16.8668182373047,1828.32543945312,1284.96508789062,2.6759701171875
415,-155.53,19.21,20.4532424926758,1576.42578125,1514.65759277344,2.2049341796875
62,-155.527164124727,19.3292047195785,12.7126762390137,2028.48876953125,1197.90515136719,1.6592859375
493,-155.52,19.33,13.4702590942383,2077.85034179688,1206.28796386719,1.7243318359375
418,-155.5,19.24,19.3497039794922,1745.91064453125,1433.6484375,2.2789697265625
311,-155.5,19.31,16.5474014282227,2048.76928710938,1284.48010253906,1.874866796875
313,-155.5,19.37,12.7249809265137,2072.66381835938,1205.67590332031,1.762669140625
309,-155.48,19.33,16.6999786376953,2072.04809570312,1301.244140625,1.7740228515625
291,-155.465774,19.687161,12.8118606567383,1833.95520019531,1259.74194335938,0.736401806640625
181,-155.456834,19.332256,18.3416427612305,1976.41345214844,1407.28637695312,1.58495654296875
336,-155.45,19.36,16.3667404174805,2145.93188476562,1292.72692871094,1.5206392578125
481,-155.45,19.38,15.4414016723633,2212.69018554688,1254.1806640625,1.50796162109375
526,-155.44,19.31,19.6369705200195,1696.90612792969,1493.99755859375,1.29999228515625
458,-155.43,19.33,18.99453125,1856.75109863281,1455.28442382812,1.3908396484375
51,-155.411498170078,19.4895190952694,11.5096977233887,2252.603515625,1211.69836425781,0.98274951171875
307,-155.41,19.4,16.3020629882812,2278.8779296875,1295.26672363281,1.47981044921875
475,-155.41,19.66,13.3983795166016,2242.658203125,1249.73254394531,1.0532236328125
55,-155.406926008077,19.484929014037,11.5096977233887,2252.603515625,1211.69836425781,0.98274951171875
64,-155.403735482884,19.5132564145204,10.5196510314941,2214.6240234375,1208.12939453125,0.90414580078125
56,-155.391786410486,19.4902051380758,12.7099159240723,2399.03295898438,1224.10693359375,1.102622265625
455,-155.39,19.35,19.3880386352539,1522.38488769531,1486.544921875,1.313259765625
509,-155.39,19.61,13.2220672607422,2402.11865234375,1239.57690429688,1.3366921875
490,-155.39,19.68,14.0446533203125,2420.12817382812,1249.23327636719,1.37753623046875
228,-155.385557,19.494317,12.3595581054688,2384.56396484375,1223.44592285156,0.95311328125
498,-155.38,19.3,20.3186599731445,1397.3837890625,1529.83435058594,1.29145146484375
435,-155.35,19.98,18.4388534545898,2815.96606445312,1445.55883789062,1.45766767578125
302,-155.34,19.44,16.4457168579102,2487.3154296875,1301.14904785156,0.9633708984375
332,-155.34,19.68,15.3744735717773,2786.71313476562,1246.97924804688,1.9734302734375
290,-155.329258,19.677957,15.740950012207,2842.89770507812,1255.4765625,2.03787578125
483,-155.32,19.5,15.1117523193359,2780.28393554688,1230.2216796875,1.4190408203125
506,-155.32,19.76,14.5275085449219,2977.5,1253.26110839844,1.7032609375
487,-155.31,19.47,16.1489959716797,2766.65478515625,1272.30017089844,1.3797685546875
399,-155.31,19.67,16.3087783813477,2941.9306640625,1279.59399414062,1.7543419921875
333,-155.31,19.89,15.1564971923828,3179.22314453125,1273.24157714844,1.567577734375
351,-155.31,19.97,19.0961273193359,3055.48583984375,1478.52075195312,1.4145666015625
301,-155.3,19.85,14.8107925415039,3183.17822265625,1266.88269042969,1.5595630859375
326,-155.29,19.45,17.185285949707,2631.30883789062,1340.79260253906,1.36361142578125
392,-155.29,19.55,15.6902114868164,3051.89184570312,1231.85522460938,2.0329876953125
405,-155.29,19.67,17.0051071166992,3047.09301757812,1314.95349121094,1.538414453125
408,-155.29,19.71,17.0573867797852,3007.79467773438,1334.29528808594,1.8924267578125
390,-155.29,19.79,15.4179412841797,3264.36645507812,1257.16589355469,1.915227734375
395,-155.29,19.83,15.1011505126953,3230.916015625,1268.68627929688,1.8558875
306,-155.29,19.92,16.5343292236328,3243.103515625,1318.88342285156,1.61608681640625
394,-155.27,19.49,16.6379989624023,2959.85986328125,1285.73681640625,1.6442546875
368,-155.27,19.63,17.1966125488281,3125.51049804688,1314.84973144531,1.55156328125
433,-155.27,19.7,17.7307083129883,3111.55590820312,1369.12255859375,1.586975
393,-155.27,19.83,16.0559936523438,3345.68505859375,1290.21752929688,1.809023046875
406,-155.27,19.87,16.5092132568359,3382.466796875,1306.68859863281,1.8029849609375
411,-155.27,19.92,17.5742797851562,3336.87329101562,1365.97619628906,1.69469296875
134,-155.267776437572,19.4965161290474,16.5602935791016,2985.52563476562,1280.91589355469,1.63088251953125
129,-155.26652888783,19.4965227294449,16.8128646850586,3028.7783203125,1293.28125,1.8780529296875
126,-155.263877585745,19.4976306917398,16.8128646850586,3028.7783203125,1293.28125,1.8780529296875
127,-155.263030962624,19.4935950898471,16.8128646850586,3028.7783203125,1293.28125,1.8780529296875
485,-155.26,19.38,18.0889602661133,2409.71118164062,1386.06518554688,1.32009365234375
431,-155.26,19.58,16.8892761230469,3145.58764648438,1291.98193359375,1.63970625
397,-155.26,19.76,17.3625457763672,3303.52880859375,1342.27624511719,1.5147548828125
317,-155.26,19.94,19.6137817382813,3341.96142578125,1499.69091796875,1.44841796875
375,-155.26,20,23.8474670410156,2907.90771484375,1849.76879882812,0.95084453125
289,-155.257481,19.694877,18.3929321289062,3203.25952148438,1405.41125488281,1.62422587890625
138,-155.255682705051,19.5062589824451,17.1137222290039,3085.86401367188,1306.71362304688,1.8687333984375
122,-155.255115670633,19.499022618665,17.1827407836914,3067.4296875,1308.26342773438,1.8186658203125
18,-155.252263,19.403232,17.7722595214844,2550.83325195312,1360.08728027344,1.41183076171875
130,-155.251560812603,19.4940362175167,17.1827407836914,3067.4296875,1308.26342773438,1.8186658203125
132,-155.250529841676,19.4780176852142,17.2152008056641,3009.47729492188,1318.28076171875,1.673006640625
494,-155.25,19.32,19.6865142822266,2219.45458984375,1496.46374511719,1.1830185546875
507,-155.25,19.96,21.2470718383789,3342.94409179688,1632.4892578125,1.29568544921875
131,-155.249886218083,19.4748555348422,17.2956970214844,2977.57153320312,1329.48193359375,1.6866658203125
137,-155.248491889075,19.4711156344053,17.5440368652344,3021.40966796875,1338.72229003906,1.58557470703125
140,-155.247760319616,19.5112347589604,17.1426284790039,3100.78979492188,1308.47509765625,1.9013517578125
128,-155.24763251289,19.5019878384174,17.1137222290039,3085.86401367188,1306.71362304688,1.8687333984375
398,-155.24,19.46,17.6102661132812,2996.57690429688,1340.8505859375,1.6231650390625
316,-155.24,19.71,18.8503524780273,3255.345703125,1431.83508300781,1.478510546875
139,-155.239026439267,19.5147300358387,17.5144973754883,3139.36596679688,1324.08044433594,1.88821640625
293,-155.237542,19.413278,17.5013061523438,2851.05517578125,1334.87561035156,1.56851455078125
292,-155.237235,19.414151,17.5013061523438,2851.05517578125,1334.87561035156,1.56851455078125
125,-155.236486925788,19.5177690551356,17.5428436279297,3157.59375,1325.33898925781,1.8302208984375
136,-155.23307533905,19.4767164250015,17.711897277832,3095.42895507812,1338.7548828125,1.8011798828125
112,-155.233072758158,19.3978772110509,17.8650695800781,2877.90283203125,1362.61279296875,1.42224560546875
135,-155.232012290153,19.5123872063941,17.7913787841797,3178.84594726562,1338.35546875,2.0073859375
123,-155.230487276563,19.4685293289264,17.7923782348633,3068.19140625,1345.11608886719,1.7268380859375
463,-155.23,19.38,18.2735092163086,2700.70434570312,1394.48547363281,1.22978671875
432,-155.23,19.41,17.6217010498047,2982.5556640625,1332.57165527344,1.56878740234375
412,-155.23,19.54,17.8718414306641,3235.3466796875,1342.84814453125,1.8044611328125
410,-155.23,19.68,19.0090805053711,3269.89819335938,1436.1376953125,1.61102568359375
318,-155.23,19.91,19.427815246582,3501.35766601562,1477.13903808594,1.52365947265625
117,-155.229083220181,19.3852002007579,18.0724273681641,2799.2412109375,1373.82897949219,1.27679208984375
102,-155.227346239639,19.3820512746222,18.2735092163086,2700.70434570312,1394.48547363281,1.22978671875
101,-155.223899691828,19.3756536653444,18.6426055908203,2673.87890625,1417.28454589844,1.26473212890625
133,-155.222920882009,19.4848752208602,17.978483581543,3158.3525390625,1348.92797851562,2.0696236328125
403,-155.22,19.41,17.9627532958984,3019.41430664062,1349.20324707031,1.674936328125
424,-155.22,19.48,17.9637512207031,3136.17626953125,1352.35168457031,1.9295880859375
427,-155.22,19.61,18.9196624755859,3312.435546875,1412.54333496094,1.6453724609375
331,-155.22,19.74,19.1299911499023,3419.3544921875,1438.43310546875,1.58402197265625
110,-155.218127837685,19.3781356890683,18.3674758911133,2771.6259765625,1392.744140625,1.314609375
124,-155.214078862257,19.4775638486691,18.3088668823242,3170.67846679688,1367.37854003906,2.0163791015625
363,-155.21,19.45,18.2427032470703,3086.58520507812,1370.38024902344,1.8043470703125
369,-155.21,19.57,18.5675643920898,3319.71630859375,1383.11608886719,1.62560048828125
322,-155.21,19.7,19.8403381347656,3378.86987304688,1491.18664550781,1.52648330078125
312,-155.21,19.86,19.3284774780273,3653.03564453125,1453.92224121094,1.6087568359375
286,-155.194924,19.905336,21.0812484741211,3663.2744140625,1596.74462890625,1.3975625
330,-155.19,19.66,20.2173385620117,3413.388671875,1504.59008789062,1.44327861328125
325,-155.19,19.7,20.4767639160156,3460.271484375,1534.32885742188,1.51454228515625
303,-155.19,19.79,19.428466796875,3687.33276367188,1451.92639160156,1.6971763671875
16,-155.184747,19.327124,19.9526153564453,2526.16528320312,1508.59997558594,1.31113349609375
17,-155.183294,19.326618,19.9526153564453,2526.16528320312,1508.59997558594,1.31113349609375
352,-155.18,19.52,19.3527450561523,3359.10668945312,1432.18310546875,1.696888671875
414,-155.17,19.54,19.8380523681641,3434.0419921875,1461.39929199219,1.5684203125
335,-155.17,19.72,21.2549194335937,3554.77368164062,1592.69970703125,1.52101416015625
329,-155.17,19.87,21.1912673950195,3752.2919921875,1592.91333007812,1.603924609375
103,-155.167902044014,19.3592587798729,19.3978698730469,2859.64868164062,1457.025390625,1.37600830078125
113,-155.162682967342,19.3531789157941,19.4934631347656,2894.99536132812,1462.7587890625,1.5649734375
328,-155.16,19.69,21.5337615966797,3516.29467773438,1612.46081542969,1.5419970703125
119,-155.157945513526,19.3634235606367,19.3616012573242,2952.56860351562,1449.75415039062,1.56899970703125
107,-155.154523838139,19.3586860079112,19.6091003417969,2971.24853515625,1466.68212890625,1.6195287109375
106,-155.154253912668,19.3533511025826,19.6091003417969,2971.24853515625,1466.68212890625,1.6195287109375
425,-155.15,19.44,19.5127349853516,3205.08251953125,1438.7578125,1.66936640625
323,-155.15,19.61,21.0359268188477,3552.92163085938,1557.81420898438,1.4743603515625
108,-155.143011995836,19.3523727892095,19.8022323608398,3009.931640625,1476.20373535156,1.64574453125
436,-155.14,19.76,21.6334121704102,3757.85595703125,1629.03979492188,1.5411267578125
109,-155.139969445707,19.3365205923323,20.1060333251953,2944.58154296875,1506.6826171875,1.5494693359375
105,-155.139633361671,19.3698450204031,19.6776123046875,3037.48852539062,1458.61596679688,1.7458595703125
115,-155.139304403031,19.3446304654864,19.9249969482422,2980.03930664062,1488.92993164062,1.52160029296875
121,-155.13097607589,19.3510688630787,20.0573364257813,3021.86083984375,1493.80737304688,1.60743671875
510,-155.13,19.53,20.6644790649414,3475.85400390625,1522.39050292969,1.50038798828125
120,-155.12548134628,19.3735245182658,19.8877288818359,3021.02856445312,1469.14135742188,1.7431361328125
111,-155.123203612092,19.3732891764644,20.0082305908203,3025.2294921875,1477.22998046875,1.9275333984375
116,-155.120244448144,19.3446455891584,20.1973831176758,3048.08642578125,1503.73400878906,1.5717564453125
422,-155.12,19.59,21.4456939697266,3605.34619140625,1592.53210449219,1.49482353515625
355,-155.12,19.61,21.84052734375,3609.64965820312,1626.51806640625,1.38809013671875
353,-155.12,19.65,22.4278335571289,3558.79370117188,1684.6171875,1.451213671875
118,-155.119839642715,19.3604481087408,20.1157638549805,3030.35278320312,1485.32397460938,1.939202734375
104,-155.117763161574,19.3544114828752,20.1926849365234,3044.791015625,1492.47448730469,1.84080078125
114,-155.116714207279,19.3505577736643,20.1973831176758,3048.08642578125,1503.73400878906,1.5717564453125
484,-155.11,19.49,20.9631683349609,3369.7119140625,1545.0791015625,1.65466328125
471,-155.11,19.69,23.215055847168,3528.93090820312,1766.61315917969,1.49009931640625
354,-155.11,19.8,23.2519256591797,3842.78588867188,1800.28588867188,1.15890078125
346,-155.1,19.43,20.2244857788086,3284.18798828125,1486.28637695312,1.87259375
386,-155.09,19.63,22.6031311035156,3615.48974609375,1696.18713378906,1.57145869140625
470,-155.08,19.64,22.8909652709961,3617.81127929688,1720.29357910156,1.434821484375
441,-155.07,19.72,24.1229797363281,2880.4052734375,1871.80139160156,1.55031015625
492,-155.05,19.49,21.9062057495117,3427.22290039062,1616.29443359375,1.8097345703125
430,-155.05,19.54,22.3695999145508,3527.82592773438,1664.71667480469,1.6539140625
183,-155.04493,19.70426,24,3163.298828125,1852.01220703125,1.39128310546875
184,-155.04493,19.70426,24,3163.298828125,1852.01220703125,1.39128310546875
185,-155.04493,19.70426,24,3163.298828125,1852.01220703125,1.39128310546875
186,-155.04493,19.70426,24,3163.298828125,1852.01220703125,1.39128310546875
187,-155.04493,19.70426,24,3163.298828125,1852.01220703125,1.39128310546875
188,-155.04493,19.70426,24,3163.298828125,1852.01220703125,1.39128310546875
189,-155.04493,19.70426,24,3163.298828125,1852.01220703125,1.39128310546875
190,-155.04493,19.70426,24,3163.298828125,1852.01220703125,1.39128310546875
191,-155.04493,19.70426,24,3163.298828125,1852.01220703125,1.39128310546875
192,-155.04493,19.70426,24,3163.298828125,1852.01220703125,1.39128310546875
383,-155.03,19.61,23.5379684448242,3539.59448242188,1790.48205566406,1.53932626953125
420,-155.02,19.46,21.7555892944336,3413.86669921875,1610.69592285156,1.797469921875
384,-155.02,19.71,24,3227.79370117188,1874.66870117188,1.19430068359375
474,-155.01,19.45,21.5664840698242,3396.07348632812,1597.17163085938,1.8475970703125
380,-155,19.7,24,3313.53759765625,1882.9609375,1.24866220703125
283,-154.99774,19.54567,23.2627532958984,3437.17749023438,1752.69348144531,1.66859921875
385,-154.97,19.57,23.7633987426758,3360.39965820312,1832.68957519531,1.281430859375
451,-154.96,19.4,23.1870376586914,3279.125,1766.10083007812,1.5238640625
434,-154.96,19.44,22.0296173095703,3509.40795898438,1643.13012695312,1.7465138671875
208,-154.952525,19.424302,22.7837524414062,3433.34765625,1715.63049316406,1.51336884765625
209,-154.952525,19.424302,22.7837524414062,3433.34765625,1715.63049316406,1.51336884765625
210,-154.952525,19.424302,22.7837524414062,3433.34765625,1715.63049316406,1.51336884765625
211,-154.952525,19.424302,22.7837524414062,3433.34765625,1715.63049316406,1.51336884765625
212,-154.952525,19.424302,22.7837524414062,3433.34765625,1715.63049316406,1.51336884765625
213,-154.952525,19.424302,22.7837524414062,3433.34765625,1715.63049316406,1.51336884765625
214,-154.952525,19.424302,22.7837524414062,3433.34765625,1715.63049316406,1.51336884765625
215,-154.952525,19.424302,22.7837524414062,3433.34765625,1715.63049316406,1.51336884765625
216,-154.952525,19.424302,22.7837524414062,3433.34765625,1715.63049316406,1.51336884765625
217,-154.952525,19.424302,22.7837524414062,3433.34765625,1715.63049316406,1.51336884765625
197,-154.94494,19.414264,22.903776550293,3385.89086914062,1736.60070800781,1.523583984375
198,-154.94494,19.414264,22.903776550293,3385.89086914062,1736.60070800781,1.523583984375
199,-154.94494,19.414264,22.903776550293,3385.89086914062,1736.60070800781,1.523583984375
200,-154.94494,19.414264,22.903776550293,3385.89086914062,1736.60070800781,1.523583984375
201,-154.94494,19.414264,22.903776550293,3385.89086914062,1736.60070800781,1.523583984375
202,-154.94494,19.414264,22.903776550293,3385.89086914062,1736.60070800781,1.523583984375
203,-154.94494,19.414264,22.903776550293,3385.89086914062,1736.60070800781,1.523583984375
204,-154.94494,19.414264,22.903776550293,3385.89086914062,1736.60070800781,1.523583984375
205,-154.94494,19.414264,22.903776550293,3385.89086914062,1736.60070800781,1.523583984375
206,-154.94494,19.414264,22.903776550293,3385.89086914062,1736.60070800781,1.523583984375
496,-154.94,19.4,23.7009689331055,3105.6494140625,1829.15954589844,1.2866021484375
387,-154.94,19.48,22.7434783935547,3421.50439453125,1706.60900878906,1.76638046875
2,-154.910211,19.443586,23.4519485473633,3379.7333984375,1785.14831542969,1.56903828125
3,-154.910211,19.443586,23.4519485473633,3379.7333984375,1785.14831542969,1.56903828125
4,-154.910211,19.443586,23.4519485473633,3379.7333984375,1785.14831542969,1.56903828125
5,-154.910211,19.443586,23.4519485473633,3379.7333984375,1785.14831542969,1.56903828125
6,-154.910211,19.443586,23.4519485473633,3379.7333984375,1785.14831542969,1.56903828125
7,-154.910211,19.443586,23.4519485473633,3379.7333984375,1785.14831542969,1.56903828125
8,-154.910211,19.443586,23.4519485473633,3379.7333984375,1785.14831542969,1.56903828125
9,-154.910211,19.443586,23.4519485473633,3379.7333984375,1785.14831542969,1.56903828125
10,-154.910211,19.443586,23.4519485473633,3379.7333984375,1785.14831542969,1.56903828125
11,-154.910211,19.443586,23.4519485473633,3379.7333984375,1785.14831542969,1.56903828125
12,-154.910211,19.443586,23.4519485473633,3379.7333984375,1785.14831542969,1.56903828125
13,-154.910211,19.443586,23.4519485473633,3379.7333984375,1785.14831542969,1.56903828125
14,-154.910211,19.443586,23.4519485473633,3379.7333984375,1785.14831542969,1.56903828125
251,-154.905455,19.530393,23.5645706176758,3428.72143554688,1808.57189941406,1.32724970703125
252,-154.905455,19.530393,23.5645706176758,3428.72143554688,1808.57189941406,1.32724970703125
253,-154.905455,19.530393,23.5645706176758,3428.72143554688,1808.57189941406,1.32724970703125
254,-154.905455,19.530393,23.5645706176758,3428.72143554688,1808.57189941406,1.32724970703125
255,-154.905455,19.530393,23.5645706176758,3428.72143554688,1808.57189941406,1.32724970703125
256,-154.905455,19.530393,23.5645706176758,3428.72143554688,1808.57189941406,1.32724970703125
267,-154.905455,19.530393,23.5645706176758,3428.72143554688,1808.57189941406,1.32724970703125
268,-154.905455,19.530393,23.5645706176758,3428.72143554688,1808.57189941406,1.32724970703125
269,-154.905455,19.530393,23.5645706176758,3428.72143554688,1808.57189941406,1.32724970703125
270,-154.905455,19.530393,23.5645706176758,3428.72143554688,1808.57189941406,1.32724970703125
271,-154.905455,19.530393,23.5645706176758,3428.72143554688,1808.57189941406,1.32724970703125
221,-154.901906,19.482657,23.0316513061523,3519.79321289062,1733.00402832031,1.63562939453125
382,-154.9,19.48,23.0316513061523,3519.79321289062,1733.00402832031,1.63562939453125
257,-154.884626,19.525996,23.7129058837891,3424.87646484375,1831.05786132812,1.2998091796875
258,-154.884626,19.525996,23.7129058837891,3424.87646484375,1831.05786132812,1.2998091796875
259,-154.884626,19.525996,23.7129058837891,3424.87646484375,1831.05786132812,1.2998091796875
260,-154.884626,19.525996,23.7129058837891,3424.87646484375,1831.05786132812,1.2998091796875
261,-154.884626,19.525996,23.7129058837891,3424.87646484375,1831.05786132812,1.2998091796875
262,-154.884626,19.525996,23.7129058837891,3424.87646484375,1831.05786132812,1.2998091796875
263,-154.884626,19.525996,23.7129058837891,3424.87646484375,1831.05786132812,1.2998091796875
264,-154.884626,19.525996,23.7129058837891,3424.87646484375,1831.05786132812,1.2998091796875
265,-154.884626,19.525996,23.7129058837891,3424.87646484375,1831.05786132812,1.2998091796875
266,-154.884626,19.525996,23.7129058837891,3424.87646484375,1831.05786132812,1.2998091796875
379,-154.88,19.55,24.1931198120117,3154.86059570312,1864.44177246094,1.187383984375
272,-154.873548,19.52276,23.6010345458984,3456.80444335938,1819.60095214844,1.21375693359375
273,-154.873548,19.52276,23.6010345458984,3456.80444335938,1819.60095214844,1.21375693359375
274,-154.873548,19.52276,23.6010345458984,3456.80444335938,1819.60095214844,1.21375693359375
275,-154.873548,19.52276,23.6010345458984,3456.80444335938,1819.60095214844,1.21375693359375
276,-154.873548,19.52276,23.6010345458984,3456.80444335938,1819.60095214844,1.21375693359375
277,-154.873548,19.52276,23.6010345458984,3456.80444335938,1819.60095214844,1.21375693359375
278,-154.873548,19.52276,23.6010345458984,3456.80444335938,1819.60095214844,1.21375693359375
279,-154.873548,19.52276,23.6010345458984,3456.80444335938,1819.60095214844,1.21375693359375
280,-154.873548,19.52276,23.6010345458984,3456.80444335938,1819.60095214844,1.21375693359375
281,-154.873548,19.52276,23.6010345458984,3456.80444335938,1819.60095214844,1.21375693359375
231,-154.872306,19.440743,24.049299621582,3042.97924804688,1860.76354980469,1.29512001953125
232,-154.872306,19.440743,24.049299621582,3042.97924804688,1860.76354980469,1.29512001953125
233,-154.872306,19.440743,24.049299621582,3042.97924804688,1860.76354980469,1.29512001953125
234,-154.872306,19.440743,24.049299621582,3042.97924804688,1860.76354980469,1.29512001953125
235,-154.872306,19.440743,24.049299621582,3042.97924804688,1860.76354980469,1.29512001953125
236,-154.872306,19.440743,24.049299621582,3042.97924804688,1860.76354980469,1.29512001953125
237,-154.872306,19.440743,24.049299621582,3042.97924804688,1860.76354980469,1.29512001953125
238,-154.872306,19.440743,24.049299621582,3042.97924804688,1860.76354980469,1.29512001953125
239,-154.872306,19.440743,24.049299621582,3042.97924804688,1860.76354980469,1.29512001953125
240,-154.872306,19.440743,24.049299621582,3042.97924804688,1860.76354980469,1.29512001953125
381,-154.87,19.44,24.049299621582,3042.97924804688,1860.76354980469,1.29512001953125
225,-154.869039,19.437316,24.1825225830078,2895.40356445312,1863.97204589844,1.25297236328125
241,-154.868508,19.440783,24.1825225830078,2895.40356445312,1863.97204589844,1.25297236328125
242,-154.868508,19.440783,24.1825225830078,2895.40356445312,1863.97204589844,1.25297236328125
243,-154.868508,19.440783,24.1825225830078,2895.40356445312,1863.97204589844,1.25297236328125
244,-154.868508,19.440783,24.1825225830078,2895.40356445312,1863.97204589844,1.25297236328125
245,-154.868508,19.440783,24.1825225830078,2895.40356445312,1863.97204589844,1.25297236328125
246,-154.868508,19.440783,24.1825225830078,2895.40356445312,1863.97204589844,1.25297236328125
247,-154.868508,19.440783,24.1825225830078,2895.40356445312,1863.97204589844,1.25297236328125
248,-154.868508,19.440783,24.1825225830078,2895.40356445312,1863.97204589844,1.25297236328125
249,-154.868508,19.440783,24.1825225830078,2895.40356445312,1863.97204589844,1.25297236328125
250,-154.868508,19.440783,24.1825225830078,2895.40356445312,1863.97204589844,1.25297236328125
477,-154.86,19.52,23.7766799926758,3458.91625976562,1840.99035644531,1.206890625
