"PlotID","Long_Dec","Lat_Dec","HFP","HII","SubstrateAge_range","SubstrateAge_code","MAT","MAP","PET","AridInd","Elev_m"
1,-157.880206,21.406344,59,38,2400000,3e+06,19.9086894989014,2973.03491210938,2961.36303710938,1.00394138606234,395.179779052734
2,-154.910211,19.443586,34,22,575,475,22.2522296905518,2904.5458984375,2672.541015625,1.08681059765073,129.657791137695
3,-154.910211,19.443586,34,22,575,475,22.2522296905518,2904.5458984375,2672.541015625,1.08681059765073,129.657791137695
4,-154.910211,19.443586,34,22,575,475,22.2522296905518,2904.5458984375,2672.541015625,1.08681059765073,129.657791137695
5,-154.910211,19.443586,34,22,575,475,22.2522296905518,2904.5458984375,2672.541015625,1.08681059765073,129.657791137695
6,-154.910211,19.443586,34,22,575,475,22.2522296905518,2904.5458984375,2672.541015625,1.08681059765073,129.657791137695
7,-154.910211,19.443586,34,22,575,475,22.2522296905518,2904.5458984375,2672.541015625,1.08681059765073,129.657791137695
8,-154.910211,19.443586,34,22,575,475,22.2522296905518,2904.5458984375,2672.541015625,1.08681059765073,129.657791137695
9,-154.910211,19.443586,34,22,575,475,22.2522296905518,2904.5458984375,2672.541015625,1.08681059765073,129.657791137695
10,-154.910211,19.443586,34,22,575,475,22.2522296905518,2904.5458984375,2672.541015625,1.08681059765073,129.657791137695
11,-154.910211,19.443586,34,22,575,475,22.2522296905518,2904.5458984375,2672.541015625,1.08681059765073,129.657791137695
12,-154.910211,19.443586,34,22,575,475,22.2522296905518,2904.5458984375,2672.541015625,1.08681059765073,129.657791137695
13,-154.910211,19.443586,34,22,575,475,22.2522296905518,2904.5458984375,2672.541015625,1.08681059765073,129.657791137695
14,-154.910211,19.443586,34,22,575,475,22.2522296905518,2904.5458984375,2672.541015625,1.08681059765073,129.657791137695
15,-156.228992,20.779832,18.8718223571777,12.5812149047852,545000,460000,11.1943397521973,2360.45703125,2529.6669921875,0.933109788181575,1844.94592285156
16,-155.184747,19.327124,26.8870391845703,17.4435195922852,1033.5,475,18.605489730835,2226.8330078125,1835.93798828125,1.2129129752891,735.716552734375
17,-155.183294,19.326618,26.8870391845703,17.4435195922852,1033.5,475,18.605489730835,2226.8330078125,1835.93798828125,1.2129129752891,735.716552734375
18,-155.252263,19.403232,23.7509155273438,15.5006103515625,1033.5,475,16.0411701202393,2239.17895507812,2321.10302734375,0.964704680791624,1132.173828125
19,-156.135134499624,20.7075815949577,26,17,545000,460000,8.40895843505859,3555.52294921875,2630.05004882812,1.35188414030485,2212.2275390625
20,-156.088305797246,20.6904834609909,21.90207862854,14.2297592163086,21500,20000,16.4626998901367,6459.634765625,1780.20202636719,3.6285964570027,916.953063964844
21,-156.113628210961,20.7316590594055,18,12,545000,460000,9.64682960510254,6969.0068359375,2129.84692382812,3.27206934825701,1966.75183105469
22,-156.11424837775,20.7065374748014,18,12,21500,20000,12.4326400756836,5556.26123046875,1879.13403320312,2.95682007365791,1523.04760742188
23,-156.112575583867,20.7062115118964,18,12,21500,20000,12.4326400756836,5556.26123046875,1879.13403320312,2.95682007365791,1523.04760742188
24,-156.095650890638,20.6961863305729,18,12,21500,20000,15.3842897415161,6673.84423828125,1690.54895019531,3.94773794483159,1099.16589355469
25,-156.090412820619,20.6921710531845,21.90207862854,14.2297592163086,21500,20000,15.8463201522827,6678.72998046875,1687.03503417969,3.95885671912928,975.877807617188
26,-156.104872469679,20.7056577985689,18,12,21500,20000,13.0960597991943,6651.962890625,1983.96496582031,3.35286308237535,1371.31091308594
27,-156.123122471808,20.7131677139381,23.5614547729492,15.4759092330933,21500,20000,11.5814895629883,4923.6767578125,1965.86206054688,2.50458913502955,1663.263671875
28,-156.1110556532,20.6932679431706,18,12,545000,460000,12.1698799133301,4913.0791015625,2637.9580078125,1.86245538670899,1591.66552734375
29,-156.09242991326,20.683484863738,24.3510417938232,15.6291666030884,545000,460000,14.9670400619507,5544.7509765625,2448.34008789062,2.26469803112181,1151.20422363281
30,-156.092158019284,20.6811422302236,24.3510417938232,15.6291666030884,545000,460000,15.60964012146,5293.9228515625,2441.69091796875,2.16813799510977,1063.13354492188
31,-156.106695471761,20.7137317487841,18,12,21500,20000,13.5262699127197,6899.72021484375,1708.02197265625,4.03959687012315,1336.15966796875
32,-156.099386417312,20.7141322374686,18,12,21500,20000,14.3066501617432,7807.22119140625,1619.0810546875,4.82200762512975,1190.22448730469
33,-156.099415260639,20.7131216759929,18,12,21500,20000,14.3066501617432,7807.22119140625,1619.0810546875,4.82200762512975,1190.22448730469
34,-156.081391960053,20.6888408184836,21.90207862854,14.2297592163086,21500,20000,16.8688907623291,6074.6767578125,2071.75610351562,2.93213894603916,831.798095703125
35,-156.084016110217,20.690067833358,21.90207862854,14.2297592163086,21500,20000,16.5652408599854,6440.64306640625,1927.72399902344,3.34106078965091,874.281066894531
36,-156.11202893071,20.6945571223736,18,12,545000,460000,11.8881597518921,5055.421875,2579.32592773438,1.9599779231625,1628.43896484375
37,-156.082058748661,20.6890868246579,21.90207862854,14.2297592163086,21500,20000,16.8688907623291,6074.6767578125,2071.75610351562,2.93213894603916,831.798095703125
38,-156.09255117472,20.6851749961907,21.90207862854,14.2297592163086,545000,460000,14.4929599761963,5819.115234375,2567.07397460938,2.26682802752518,1213.4609375
39,-156.100350007875,20.7169378931642,18,12,21500,20000,14.1978101730347,8244.34375,1639.26599121094,5.02928981275933,1215.2255859375
40,-156.100467405907,20.7158114701556,18,12,21500,20000,14.2527198791504,8024.34912109375,1644.08605957031,4.88073545443901,1208.40942382812
41,-156.110406403513,20.6920925261221,18,12,545000,460000,12.1698799133301,4913.0791015625,2637.9580078125,1.86245538670899,1591.66552734375
42,-156.09867188485,20.7113488341472,18,12,21500,20000,14.6316404342651,7840.98486328125,1638.65405273438,4.78501539125798,1136.37634277344
43,-156.100745059114,20.7183618258824,18,12,21500,20000,14.1978101730347,8244.34375,1639.26599121094,5.02928981275933,1215.2255859375
44,-156.080541561721,20.6816498409796,25,16,21500,20000,17.6366596221924,4854.38818359375,2333.9609375,2.07989264327341,731.139831542969
45,-156.090071158121,20.7055435416876,18,12,21500,20000,15.4515895843506,7960.83203125,1665.57202148438,4.77963842365413,998.085388183594
46,-156.109147474883,20.7063706079119,18,12,21500,20000,12.6794996261597,6095.94189453125,1813.248046875,3.36189078214487,1458.96984863281
47,-156.103513612238,20.7110241940671,18,12,21500,20000,13.7818899154663,7023.07177734375,1696.23706054688,4.14038340553618,1286.72570800781
48,-156.094607065711,20.7292804288692,18,12,21500,20000,11.2525796890259,9814.748046875,2178.2548828125,4.50578494019143,1703.31591796875
49,-156.099811403135,20.6988653456357,18,12,21500,20000,14.2032403945923,6618.0732421875,1710.76403808594,3.86848980622251,1227.46459960938
50,-157.743028,21.316545,59,38,2400000,3e+06,20.3708992004395,1924.2919921875,3207.40600585938,0.599952730858567,454.431640625
51,-155.411498170078,19.4895190952694,9,6,2250,2250,9.34930896759033,1221.22399902344,1735.27795410156,0.703762758085476,2268.30200195312
52,-155.545551877565,19.3107616433695,9,6,1125,1125,10.4791603088379,1914.44201660156,1444.86694335938,1.32499537441863,2040.92834472656
53,-155.554061586832,19.3423661346721,9,6,2250,2250,9.02360725402832,1513.80700683594,1774.95703125,0.852869663988345,2409.46923828125
54,-155.7421494549,19.4060048852486,12,8,2250,2250,9.73029518127441,702.562377929688,2296.25805664062,0.305959679008169,2213.98388671875
55,-155.406926008077,19.484929014037,9,6,2250,2250,9.58113193511963,1333.67700195312,1721.40698242188,0.774759842136084,2196.49926757812
56,-155.391786410486,19.4902051380758,9,6,2250,2250,10.1354303359985,1566.40295410156,1669.5,0.93824675298087,2079.0185546875
57,-155.550890013405,19.3317277213529,9,6,1125,1125,9.43218421936035,1665.50598144531,1627.79699707031,1.02316565544897,2269.41430664062
58,-155.555882314787,19.297965687704,11.4256191253662,7.61707973480225,2250,2250,10.5797395706177,2014.03894042969,2171.95190429688,0.927294447195271,2017.35095214844
59,-155.574358357426,19.2959270071373,9,6,2250,2250,9.81802463531494,1907.42199707031,1623.92504882812,1.17457514338286,2142.82153320312
60,-155.560506846501,19.3023889088873,9,6,2250,2250,10.203709602356,1920.46594238281,1630.57299804688,1.17778593456605,2087.9541015625
61,-155.600690246458,19.2668560399663,13.3001146316528,8.86674308776855,1125,1125,10.6715097427368,2012.45397949219,1537.44299316406,1.30896169057335,2013.25134277344
62,-155.527164124727,19.3292047195785,9,6,1125,1125,10.5757999420166,1916.00598144531,1962.40405273438,0.97635651474302,2025.93872070312
63,-155.554579520583,19.3493573442372,9,6,2250,2250,8.79903507232666,1409.72705078125,1812.7490234375,0.777673595491999,2489.65747070312
64,-155.403735482884,19.5132564145204,9,6,8000,7500,9.04540252685547,1227.39904785156,1772.94201660156,0.692295087125457,2366.10498046875
65,-155.740004375435,19.3944076717657,12.879732131958,8.439866065979,2250,2250,9.5621976852417,723.495727539062,1657.69799804688,0.436446040467863,2261.53149414062
66,-155.552124478822,19.3266895790475,9,6,1125,1125,9.55464267730713,1714.2939453125,1617.16198730469,1.06006322110607,2226.01416015625
67,-155.583347900272,19.2754549822518,12.0119791030884,8.00798606872559,1125,1125,10.6994104385376,2076.40600585938,2143.22094726562,0.968824986760467,2000.31457519531
68,-155.565224744248,19.3103415040503,9,6,2250,2250,9.66286468505859,1780.53503417969,1800.9580078125,0.988659939019001,2194.05737304688
69,-155.560040835352,19.3084999252017,9,6,2250,2250,9.85020446777344,1837.97900390625,1674.38000488281,1.09770721015919,2142.78588867188
70,-155.554350831744,19.3383345667375,9,6,2250,2250,9.18495845794678,1568.04296875,1748.11804199219,0.896989179839955,2356.728515625
71,-155.591915228488,19.2554672899543,15,10,20500,20000,11.5800800323486,2178.68994140625,2179.19091796875,0.999770108915943,1869.88171386719
72,-155.683889194518,19.1432738389637,15,10,2250,2250,15.0296497344971,1517.97204589844,2240.84594726562,0.67741026452565,1318.22497558594
73,-155.680148282049,19.1222440072903,15,10,2250,2250,16.0403003692627,1521.8759765625,1814.41394042969,0.838769997656704,1156.9619140625
74,-155.679154107447,19.1041809102729,15,10,2250,2250,17.0225791931152,1499.68994140625,2148.18408203125,0.698119846409156,988.593933105469
75,-155.68128792746,19.1239881922151,15,10,2250,2250,15.9011497497559,1501.84301757812,2367.208984375,0.63443617673437,1177.97631835938
76,-155.679507713742,19.1078508767305,15,10,2250,2250,16.7392807006836,1504.63195800781,2169.94091796875,0.693397661451666,1038.48364257812
77,-155.682259169056,19.1329495805133,15,10,2250,2250,15.5277900695801,1519.97497558594,2201.5380859375,0.690415026337677,1243.67468261719
78,-155.579799994012,19.2656802620036,15,10,1125,1125,11.4769496917725,2188.8310546875,2194.66796875,0.997340411330729,1891.36938476562
79,-155.604026943525,19.2451272863195,15,10,2250,2250,11.604229927063,2178.19799804688,2297.49291992188,0.948076043742909,1877.64611816406
80,-155.664037144528,19.1908970631664,15,10,475,475,12.9192199707031,2111.92700195312,2334.61889648438,0.90461317054077,1661.31396484375
81,-155.608034323164,19.2400133446564,15,10,2250,2250,11.8248796463013,2226.5009765625,2301.95092773438,0.967223475416944,1842.67395019531
82,-155.600402175363,19.2516082987534,15,10,2250,2250,11.4495000839233,2159.71997070312,2248.00805664062,0.960726081173643,1895.82055664062
83,-155.608965711679,19.2448040587541,15,10,2250,2250,11.5473003387451,2176.84692382812,2267.46801757812,0.960034235081828,1887.67492675781
84,-155.661838998027,19.1925001795034,15,10,475,475,12.8565902709961,2164.8310546875,2378.88110351562,0.910020703215561,1670.68249511719
85,-155.678143831242,19.1057397075502,15,10,2250,2250,16.9057693481445,1530.49194335938,2164.27490234375,0.70716152633936,1012.85852050781
86,-155.671083862622,19.0967312383371,15,10,2250,2250,17.4958305358887,1600.90600585938,1993.83898925781,0.802926422085515,905.770812988281
87,-155.683902712144,19.1200130798578,15,10,2250,2250,16.1917705535889,1471.67700195312,1854.02795410156,0.793772822409401,1143.3759765625
88,-155.686461339889,19.1425228960872,15,10,2250,2250,14.9720697402954,1495.33898925781,2234.67700195312,0.66915218080773,1325.97290039062
89,-155.686238044959,19.1398804591377,15,10,2250,2250,15.1050300598145,1490.59802246094,2260.45092773438,0.659425074958361,1307.04760742188
90,-155.68572325221,19.1344882206077,15,10,2250,2250,15.4111700057983,1475.21801757812,2385.26489257812,0.618471358115546,1264.78356933594
91,-155.675401426198,19.0970568203496,15,10,2250,2250,17.4451103210449,1545.54602050781,2089.72705078125,0.739592292653725,915.323486328125
92,-155.683844219774,19.1169799437513,15,10,2250,2250,16.2960395812988,1467.458984375,1950.92700195312,0.752185490746649,1124.79064941406
93,-155.605898351223,19.2432223742085,15,10,2250,2250,11.7152500152588,2197.5400390625,2150.26000976562,1.02198805218074,1856.9736328125
94,-155.677082015232,19.1217920382226,15,10,2250,2250,16.1341991424561,1545.97900390625,2203.43188476562,0.701623233554457,1152.46459960938
95,-155.578201057247,19.2692336450018,12.0119791030884,8.00798606872559,1125,1125,11.4006700515747,2194.92797851562,2142.09106445312,1.02466604475379,1897.53125
96,-155.563582334876,19.2812419500488,10.0559949874878,6.7039966583252,20500,20000,11.0246801376343,2185.60888671875,2186.98999023438,0.999368491158262,1957.06665039062
97,-155.660210412886,19.1934719514179,15,10,475,475,12.7678604125977,2210.18798828125,2398.88403320312,0.92134007217101,1684.61328125
98,-155.684212244719,19.1509082514948,15,10,2250,2250,14.5310297012329,1538.04699707031,2293.77905273438,0.670529707400036,1393.55004882812
99,-155.680511500287,19.1259138195881,15,10,2250,2250,15.869930267334,1505.86901855469,2246.75,0.670243248494353,1189.50024414062
100,-155.68010685432,19.113196797704,15,10,2250,2250,16.5529003143311,1509.84301757812,2155.044921875,0.700608605534071,1082.31958007812
101,-155.223899691828,19.3756536653444,26,17,300,475,16.5951499938965,2550.79907226562,2381.93188476562,1.07089505312055,1024.615234375
102,-155.227346239639,19.3820512746222,26,17,300,475,16.3931903839111,2556.80200195312,2387.044921875,1.07111599724097,1052.99743652344
103,-155.167902044014,19.3592587798729,34,22,575,475,17.5769290924072,3075.06103515625,2631.31298828125,1.16864130145341,864.764892578125
104,-155.117763161574,19.3544114828752,51.4772644042969,33.3181762695312,575,475,18.6396903991699,2888.333984375,2061.74291992188,1.40091859002695,695.884216308594
105,-155.139633361671,19.3698450204031,36.689094543457,23.7064685821533,575,475,17.9553909301758,3481.47412109375,1602.46997070312,2.17256746444126,799.816650390625
106,-155.154253912668,19.3533511025826,34,22,575,475,17.9246406555176,2968.51000976562,2439.48510742188,1.2168592465411,819.118591308594
107,-155.154523838139,19.3586860079112,34,22,575,475,17.6855392456055,3139.8369140625,2524.625,1.24368447356043,849.084228515625
108,-155.143011995836,19.3523727892095,34,22,575,475,18.2030391693115,2888.15405273438,2476.22290039062,1.16635463321124,779.468505859375
109,-155.139969445707,19.3365205923323,34,22,575,475,18.702600479126,2522.52099609375,1714.84094238281,1.47099415097277,706.902160644531
110,-155.218127837685,19.3781356890683,26,17,300,475,16.5727500915527,2734.35595703125,2451.61889648438,1.11532667697754,1019.75146484375
111,-155.123203612092,19.3732891764644,38.4828224182129,25.0517635345459,300,475,18.225170135498,3550.32202148438,1734.11401367188,2.04734059784616,755.172424316406
112,-155.233072758158,19.3978772110509,23.7055950164795,15.4703960418701,1033.5,475,15.9265003204346,2541.61694335938,2453.78100585938,1.03579616000379,1121.87145996094
113,-155.162682967342,19.3531789157941,34,22,575,475,17.8644790649414,2946.22705078125,2501.32592773438,1.17786611417323,829.738830566406
114,-155.116714207279,19.3505577736643,49.2600402832031,31.8400268554688,575,475,18.7171897888184,2761.50805664062,2189.64501953125,1.26116700744114,693.372863769531
115,-155.139304403031,19.3446304654864,36.0661392211914,23.2396831512451,575,475,18.4074192047119,2713.30810546875,2498.919921875,1.0857923384087,753.208923339844
116,-155.120244448144,19.3446455891584,49.2600402832031,31.8400268554688,575,475,18.7733192443848,2657.13793945312,2397.51904296875,1.10828647941119,692.666870117188
117,-155.229083220181,19.3852002007579,26.2042064666748,17.1021022796631,300,475,16.2012596130371,2546.13500976562,2399.22802734375,1.06123093792986,1078.18713378906
118,-155.119839642715,19.3604481087408,45.5879859924316,29.4924926757812,575,475,18.4990100860596,3099.15698242188,2054.833984375,1.50822743150441,711.653503417969
119,-155.157945513526,19.3634235606367,34,22,575,475,17.5825805664062,3324.74096679688,2460.36303710938,1.35132129553655,866.032958984375
120,-155.12548134628,19.3735245182658,38.4828224182129,25.0517635345459,300,475,18.1776790618896,3554.30590820312,1578.39501953125,2.251848152219,761.573181152344
121,-155.13097607589,19.3510688630787,45.4218711853027,29.2812461853027,575,475,18.4671096801758,2862.23608398438,2468.6240234375,1.15944593296098,739.626098632812
122,-155.255115670633,19.499022618665,21,14,8000,7500,14.7953395843506,3063.15600585938,1876.23205566406,1.63261042076974,1255.78173828125
123,-155.230487276563,19.4685293289264,37,24,8000,7500,15.5976896286011,3659.92504882812,1964.50598144531,1.86302565805143,1114.51965332031
124,-155.214078862257,19.4775638486691,32.0762634277344,20.922664642334,8000,7500,15.9776096343994,4718.32080078125,1798.20703125,2.62390298713345,1043.20751953125
125,-155.236486925788,19.5177690551356,21,14,1125,1125,15.3120603561401,4293.6650390625,1728.75305175781,2.48367748921493,1155.34106445312
126,-155.263877585745,19.4976306917398,21,14,8000,7500,14.522970199585,2827.78295898438,1948.61999511719,1.45117209413337,1304.92175292969
127,-155.263030962624,19.4935950898471,21,14,8000,7500,14.5506801605225,2806.34790039062,1978.02197265625,1.4187647757128,1304.51989746094
128,-155.24763251289,19.5019878384174,21,14,8000,7500,14.9592599868774,3343.57299804688,1915.26098632812,1.74575320121623,1218.30627441406
129,-155.26652888783,19.4965227294449,21,14,8000,7500,14.471489906311,2724.998046875,1977.00695800781,1.37834519794555,1323.79272460938
130,-155.251560812603,19.4940362175167,21,14,8000,7500,14.9709901809692,3097.6259765625,1875.15100097656,1.651934150876,1225.77600097656
131,-155.249886218083,19.4748555348422,37,24,8000,7500,15.1381998062134,3037.73901367188,2085.85009765625,1.4563553809956,1201.82763671875
132,-155.250529841676,19.4780176852142,34.8704376220703,22.6690235137939,8000,7500,15.1885900497437,3049.9130859375,2049.4599609375,1.48815451097779,1205.83813476562
133,-155.222920882009,19.4848752208602,21,14,8000,7500,15.5568399429321,4320.296875,1964.34497070312,2.19935751583062,1104.58544921875
134,-155.267776437572,19.4965161290474,21,14,8000,7500,14.471489906311,2724.998046875,1977.00695800781,1.37834519794555,1323.79272460938
135,-155.232012290153,19.5123872063941,21,14,1125,1125,15.4209699630737,4444.1669921875,1735.07495117188,2.56136888448876,1129.99548339844
136,-155.23307533905,19.4767164250015,36.7490196228027,23.8431358337402,8000,7500,15.4770603179932,3544.07104492188,1907.82800292969,1.85764704128441,1133.22839355469
137,-155.248491889075,19.4711156344053,37,24,8000,7500,15.3158502578735,3069.85595703125,2062.23706054688,1.48860478543489,1179.14916992188
138,-155.255682705051,19.5062589824451,21,14,20500,20000,14.6755504608154,3066.25,1931.91198730469,1.58715822467559,1268.35729980469
139,-155.239026439267,19.5147300358387,21,14,20500,20000,15.2398500442505,4020.55200195312,1744.24304199219,2.30504115834743,1168.03503417969
140,-155.247760319616,19.5112347589604,21,14,1125,1125,14.8860197067261,3467.22705078125,1803.02294921875,1.92300772005348,1222.36743164062
141,-158.096661111111,21.4177555555556,53,34,3010000,3e+06,18.8790798187256,1163.78601074219,2285.05688476562,0.509302861780421,760.4609375
142,-156.277379,20.827244,44.8498268127441,29.1098976135254,545000,460000,17.7121295928955,3018.02807617188,2494.89697265625,1.20968044342074,892.455078125
143,-158.19395,21.536533,28,18,3010000,3e+06,19.2838306427002,1384.77099609375,3251.10400390625,0.425938694803343,636.5341796875
144,-156.907542101066,21.1463179889582,28.9984130859375,18.6656093597412,1400000,1500000,16.4564895629883,2557.34790039062,2190.57690429688,1.16743123483787,1039.67065429688
145,-156.907504360639,21.1407815140105,30.274227142334,19.5161514282227,1400000,1500000,15.9869298934937,2671.57690429688,2127.05590820312,1.25599750057992,1087.34533691406
146,-156.905834858542,21.1486088054269,28.9984130859375,18.6656093597412,1400000,1500000,16.4123992919922,2499.09301757812,2008.65197753906,1.24416426813765,1004.33435058594
147,-156.908721743235,21.123998855002,29.4374866485596,18.958324432373,1400000,1500000,15.7680997848511,2958.74291992188,2323.35400390625,1.27347916630326,1177.93896484375
148,-156.903254853603,21.145876589566,28.9984130859375,18.6656093597412,1400000,1500000,16.1174392700195,2559.10693359375,2160.82397460938,1.18431994630954,1076.98779296875
149,-156.910251673945,21.1405084013762,30.274227142334,19.5161514282227,1400000,1500000,15.9549999237061,2679.712890625,2171.97900390625,1.2337655593381,1047.49182128906
150,-156.90073319951,21.1431089401108,28,18,1400000,1500000,15.6021099090576,2571.23095703125,2308.2529296875,1.1139294675906,1127.55639648438
151,-156.915264716171,21.1557965495072,30.302885055542,19.5352573394775,1400000,1500000,17.1576099395752,2407.93603515625,2458.24291992188,0.979535429815364,936.999389648438
152,-156.909560009539,21.1308005398486,33.3269271850586,21.5512866973877,1400000,1500000,15.8805198669434,2810.30590820312,1958.9990234375,1.43456217924592,1081.42150878906
153,-156.916488637046,21.1584577217569,27.2278671264648,17.4852447509766,1400000,1500000,17.2088298797607,2359.54907226562,2565.71899414062,0.919644387266948,876.019775390625
154,-156.905669774241,21.1357014603087,30.274227142334,19.5161514282227,1400000,1500000,15.5031204223633,2734.93798828125,2163.40600585938,1.26418156410491,1138.86804199219
155,-156.907772063552,21.1230840232132,29.4374866485596,18.958324432373,1400000,1500000,15.3168201446533,2989.37109375,2379.2119140625,1.25645432257678,1200.08654785156
156,-156.904154973543,21.1386900366261,30.274227142334,19.5161514282227,1400000,1500000,15.4432201385498,2672.05810546875,2141.90600585938,1.2475141757664,1142.4404296875
157,-156.908203660716,21.1314249917013,33.3269271850586,21.5512866973877,1400000,1500000,15.5791301727295,2827.96606445312,2216.42993164062,1.27591042878573,1148.19653320312
158,-156.908349860167,21.14500944762,28.9984130859375,18.6656093597412,1400000,1500000,16.054500579834,2596.75610351562,2256.84301757812,1.150614412828,1071.87219238281
159,-156.907023845597,21.1372986336997,30.274227142334,19.5161514282227,1400000,1500000,15.7823295593262,2707.748046875,2160.93188476562,1.25304645924491,1095.52990722656
160,-156.904348259898,21.1345291380334,30.274227142334,19.5161514282227,1400000,1500000,15.4631004333496,2756.625,2115.27197265625,1.30320121272083,1176.34167480469
161,-156.907216843378,21.1427467192195,28.9984130859375,18.6656093597412,1400000,1500000,16.011510848999,2629.85498046875,2155.583984375,1.22001972529558,1071.57092285156
162,-156.907810643895,21.1436481307824,28.9984130859375,18.6656093597412,1400000,1500000,16.011510848999,2629.85498046875,2155.583984375,1.22001972529558,1071.57092285156
163,-156.899934908958,21.1314490696631,29.2610607147217,18.8407077789307,1400000,1500000,14.8639898300171,2741.6201171875,2445.18896484375,1.12123036567143,1202.15173339844
164,-156.904268705022,21.1442906626711,28.9984130859375,18.6656093597412,1400000,1500000,16.1174392700195,2559.10693359375,2160.82397460938,1.18431994630954,1076.98779296875
165,-156.899266082804,21.1379250174543,28,18,1400000,1500000,15.306170463562,2621.11303710938,2188.3740234375,1.19774453957013,1179.775390625
166,-156.902916678906,21.141862640184,28.9984130859375,18.6656093597412,1400000,1500000,15.6808996200562,2597.5439453125,2224.3369140625,1.16778349938381,1121.51782226562
167,-156.904525200004,21.1370058230144,30.274227142334,19.5161514282227,1400000,1500000,15.5031204223633,2734.93798828125,2163.40600585938,1.26418156410491,1138.86804199219
168,-156.910959815449,21.1538469285018,28.3884449005127,18.2589626312256,1400000,1500000,16.9017906188965,2429.998046875,2377.09301757812,1.02225618808589,975.54052734375
169,-156.906413699527,21.1464665903276,28.9984130859375,18.6656093597412,1400000,1500000,16.1827297210693,2539.67504882812,2127.73608398438,1.19360435156618,1042.12341308594
170,-156.912148549033,21.1507729944598,30.302885055542,19.5352573394775,1400000,1500000,16.6131801605225,2501.55590820312,2430.81811523438,1.02910040554882,1006.48913574219
171,-156.906632198215,21.1357133639375,30.274227142334,19.5161514282227,1400000,1500000,15.5031204223633,2734.93798828125,2163.40600585938,1.26418156410491,1138.86804199219
172,-156.906759013172,21.1266839152138,33.3269271850586,21.5512866973877,1400000,1500000,15.8999996185303,2915.26391601562,2464.69702148438,1.18280822778773,1164.94665527344
173,-158.223280555556,21.5472722222222,34,22,3305000,3e+06,21.1936893463135,1046.48706054688,3821.68603515625,0.273828632420373,448.977478027344
174,-156.929944,21.116536,28,18,1400000,1500000,17.5132293701172,2043.18798828125,2509.75708007812,0.814097907920893,943.4892578125
175,-156.929944,21.119022,28,18,1400000,1500000,17.2777996063232,2137.82495117188,2592.623046875,0.824579937970037,967.635925292969
176,-156.959069444444,21.1125694444444,39.9163856506348,26.0225372314453,1400000,1500000,19.5113105773926,1505.38598632812,2787.17602539062,0.54011155829928,646.171936035156
177,-156.339097222222,20.6202666666667,34,22,4000,4000,19.5684509277344,649.819519042969,2208.92993164062,0.294178420843042,649.109497070312
178,-156.976552777778,20.8759166666667,26,17,1380000,1500000,20.4038791656494,655.501403808594,3274.82690429688,0.200163679780606,525.825500488281
179,-156.967322222222,20.8734472222222,26,17,1380000,1500000,20.45924949646,665.703674316406,3048.11889648438,0.218398198011309,512.878540039062
180,-156.988458333333,20.8780555555556,26,17,1380000,1500000,20.3787403106689,632.893798828125,2705.09399414062,0.233963699671437,524.721618652344
181,-155.456834,19.332256,15,10,1125,1125,16.2849407196045,2140.61889648438,1654.94897460938,1.29346519398862,1090.35095214844
182,-155.936438888889,19.7684166666667,28.3700466156006,18.2466983795166,2250,2250,19.5532093048096,721.463684082031,1610.28002929688,0.44803616200659,633.688293457031
183,-155.04493,19.70426,56.0600090026855,36.0400047302246,1125,1125,22.6821594238281,3347.41796875,2892.27905273438,1.15736341747016,32.1569671630859
184,-155.04493,19.70426,56.0600090026855,36.0400047302246,1125,1125,22.6821594238281,3347.41796875,2892.27905273438,1.15736341747016,32.1569671630859
185,-155.04493,19.70426,56.0600090026855,36.0400047302246,1125,1125,22.6821594238281,3347.41796875,2892.27905273438,1.15736341747016,32.1569671630859
186,-155.04493,19.70426,56.0600090026855,36.0400047302246,1125,1125,22.6821594238281,3347.41796875,2892.27905273438,1.15736341747016,32.1569671630859
187,-155.04493,19.70426,56.0600090026855,36.0400047302246,1125,1125,22.6821594238281,3347.41796875,2892.27905273438,1.15736341747016,32.1569671630859
188,-155.04493,19.70426,56.0600090026855,36.0400047302246,1125,1125,22.6821594238281,3347.41796875,2892.27905273438,1.15736341747016,32.1569671630859
189,-155.04493,19.70426,56.0600090026855,36.0400047302246,1125,1125,22.6821594238281,3347.41796875,2892.27905273438,1.15736341747016,32.1569671630859
190,-155.04493,19.70426,56.0600090026855,36.0400047302246,1125,1125,22.6821594238281,3347.41796875,2892.27905273438,1.15736341747016,32.1569671630859
191,-155.04493,19.70426,56.0600090026855,36.0400047302246,1125,1125,22.6821594238281,3347.41796875,2892.27905273438,1.15736341747016,32.1569671630859
192,-155.04493,19.70426,56.0600090026855,36.0400047302246,1125,1125,22.6821594238281,3347.41796875,2892.27905273438,1.15736341747016,32.1569671630859
193,-155.704006,20.056842,43.1157188415527,27.7438125610352,190000,460000,15.5268096923828,2231.01000976562,2880.06494140625,0.774638785983864,1244.01257324219
194,-159.660227,22.130645,34,22,4750000,5e+06,16.1575107574463,1528.22302246094,2599.0458984375,0.587993857045648,1136.97766113281
195,-159.689736111111,22.1414666666667,34,22,4750000,5e+06,18.3487701416016,1157.01196289062,2255.5859375,0.512954059366503,800.966796875
196,-159.667991666667,22.1477722222222,34,22,4750000,5e+06,17.3381805419922,1267.94799804688,2363.80102539062,0.5364021693989,978.552612304688
197,-154.94494,19.414264,34,22,575,475,21.7689800262451,2778.64501953125,3485.89111328125,0.797111822840538,216.175247192383
198,-154.94494,19.414264,34,22,575,475,21.7689800262451,2778.64501953125,3485.89111328125,0.797111822840538,216.175247192383
199,-154.94494,19.414264,34,22,575,475,21.7689800262451,2778.64501953125,3485.89111328125,0.797111822840538,216.175247192383
200,-154.94494,19.414264,34,22,575,475,21.7689800262451,2778.64501953125,3485.89111328125,0.797111822840538,216.175247192383
201,-154.94494,19.414264,34,22,575,475,21.7689800262451,2778.64501953125,3485.89111328125,0.797111822840538,216.175247192383
202,-154.94494,19.414264,34,22,575,475,21.7689800262451,2778.64501953125,3485.89111328125,0.797111822840538,216.175247192383
203,-154.94494,19.414264,34,22,575,475,21.7689800262451,2778.64501953125,3485.89111328125,0.797111822840538,216.175247192383
204,-154.94494,19.414264,34,22,575,475,21.7689800262451,2778.64501953125,3485.89111328125,0.797111822840538,216.175247192383
205,-154.94494,19.414264,34,22,575,475,21.7689800262451,2778.64501953125,3485.89111328125,0.797111822840538,216.175247192383
206,-154.94494,19.414264,34,22,575,475,21.7689800262451,2778.64501953125,3485.89111328125,0.797111822840538,216.175247192383
207,-155.85829,19.316406,22.8674468994141,14.9116306304932,2250,2250,19.5884609222412,1180.91394042969,2234.74194335938,0.528434141552147,595.070068359375
208,-154.952525,19.424302,34,22,62,100,21.2260608673096,2914.13891601562,3228.31811523438,0.902680222950723,283.214935302734
209,-154.952525,19.424302,34,22,62,100,21.2260608673096,2914.13891601562,3228.31811523438,0.902680222950723,283.214935302734
210,-154.952525,19.424302,34,22,62,100,21.2260608673096,2914.13891601562,3228.31811523438,0.902680222950723,283.214935302734
211,-154.952525,19.424302,34,22,62,100,21.2260608673096,2914.13891601562,3228.31811523438,0.902680222950723,283.214935302734
212,-154.952525,19.424302,34,22,62,100,21.2260608673096,2914.13891601562,3228.31811523438,0.902680222950723,283.214935302734
213,-154.952525,19.424302,34,22,62,100,21.2260608673096,2914.13891601562,3228.31811523438,0.902680222950723,283.214935302734
214,-154.952525,19.424302,34,22,62,100,21.2260608673096,2914.13891601562,3228.31811523438,0.902680222950723,283.214935302734
215,-154.952525,19.424302,34,22,62,100,21.2260608673096,2914.13891601562,3228.31811523438,0.902680222950723,283.214935302734
216,-154.952525,19.424302,34,22,62,100,21.2260608673096,2914.13891601562,3228.31811523438,0.902680222950723,283.214935302734
217,-154.952525,19.424302,34,22,62,100,21.2260608673096,2914.13891601562,3228.31811523438,0.902680222950723,283.214935302734
218,-159.412501,22.091171,28.0293464660645,18.0195636749268,2e+06,1500000,20.792049407959,2919.90893554688,2728.89501953125,1.06999679894188,325.575897216797
219,-156.290347,20.727622,28,18,545000,460000,11.4424896240234,912.881286621094,2141.5009765625,0.426281050819988,1904.75744628906
220,-155.283333333333,19.9166666666667,15,10,182000,95000,NA,NA,NA,NA,NA
221,-154.901906,19.482657,34,22,227,100,21.6718807220459,3135.31396484375,3033.14794921875,1.03368316262031,202.309799194336
222,-156.597297222222,20.8582972222222,28,18,NA,NA,18.1341400146484,2876.30590820312,2623.65698242188,1.09629647757842,776.899963378906
223,-159.574239,22.217716,34,22,4750000,5e+06,22.6005191802979,2561.70092773438,3911.68090820312,0.654884942777994,120.46231842041
224,-156.253849,20.800458,23.5070476531982,15.4269275665283,545000,460000,14.0573301315308,2598.00610351562,2420.34790039062,1.07340192833283,1420.69116210938
225,-154.869039,19.437316,34,22,575,475,23.0743007659912,2474.36694335938,3756.26904296875,0.658729956521903,38.1605529785156
226,-155.814841666667,19.11375,21,14,2250,2250,19.1719703674316,883.96142578125,1785.6259765625,0.495042879854918,669.570617675781
227,-155.814727777778,19.1160972222222,21,14,1125,1125,19.139440536499,894.14111328125,1686.81994628906,0.530075017934383,679.245178222656
228,-155.385557,19.494317,9.89616775512695,6.53770065307617,2250,2250,10.4599599838257,1663.05798339844,2110.4169921875,0.788023404642244,2034.16088867188
229,-157.779529,21.349632,57.4381904602051,36.9587936401367,2400000,3e+06,21.7266998291016,2582.70288085938,2858.71411132812,0.903449166401421,211.557464599609
230,-159.683902777778,22.1267555555556,34,22,4750000,5e+06,17.4200706481934,1275.08203125,2204.86108398438,0.578304928374815,937.666748046875
231,-154.872306,19.440743,34,22,227,100,22.9420700073242,2505.15502929688,4041.27197265625,0.619892708594489,52.2170104980469
232,-154.872306,19.440743,34,22,227,100,22.9420700073242,2505.15502929688,4041.27197265625,0.619892708594489,52.2170104980469
233,-154.872306,19.440743,34,22,227,100,22.9420700073242,2505.15502929688,4041.27197265625,0.619892708594489,52.2170104980469
234,-154.872306,19.440743,34,22,227,100,22.9420700073242,2505.15502929688,4041.27197265625,0.619892708594489,52.2170104980469
235,-154.872306,19.440743,34,22,227,100,22.9420700073242,2505.15502929688,4041.27197265625,0.619892708594489,52.2170104980469
236,-154.872306,19.440743,34,22,227,100,22.9420700073242,2505.15502929688,4041.27197265625,0.619892708594489,52.2170104980469
237,-154.872306,19.440743,34,22,227,100,22.9420700073242,2505.15502929688,4041.27197265625,0.619892708594489,52.2170104980469
238,-154.872306,19.440743,34,22,227,100,22.9420700073242,2505.15502929688,4041.27197265625,0.619892708594489,52.2170104980469
239,-154.872306,19.440743,34,22,227,100,22.9420700073242,2505.15502929688,4041.27197265625,0.619892708594489,52.2170104980469
240,-154.872306,19.440743,34,22,227,100,22.9420700073242,2505.15502929688,4041.27197265625,0.619892708594489,52.2170104980469
241,-154.868508,19.440783,34,22,227,100,22.9494590759277,2486.72192382812,4229.919921875,0.587888652683012,49.7292213439941
242,-154.868508,19.440783,34,22,227,100,22.9494590759277,2486.72192382812,4229.919921875,0.587888652683012,49.7292213439941
243,-154.868508,19.440783,34,22,227,100,22.9494590759277,2486.72192382812,4229.919921875,0.587888652683012,49.7292213439941
244,-154.868508,19.440783,34,22,227,100,22.9494590759277,2486.72192382812,4229.919921875,0.587888652683012,49.7292213439941
245,-154.868508,19.440783,34,22,227,100,22.9494590759277,2486.72192382812,4229.919921875,0.587888652683012,49.7292213439941
246,-154.868508,19.440783,34,22,227,100,22.9494590759277,2486.72192382812,4229.919921875,0.587888652683012,49.7292213439941
247,-154.868508,19.440783,34,22,227,100,22.9494590759277,2486.72192382812,4229.919921875,0.587888652683012,49.7292213439941
248,-154.868508,19.440783,34,22,227,100,22.9494590759277,2486.72192382812,4229.919921875,0.587888652683012,49.7292213439941
249,-154.868508,19.440783,34,22,227,100,22.9494590759277,2486.72192382812,4229.919921875,0.587888652683012,49.7292213439941
250,-154.868508,19.440783,34,22,227,100,22.9494590759277,2486.72192382812,4229.919921875,0.587888652683012,49.7292213439941
251,-154.905455,19.530393,28,18,177,100,22.2430801391602,3193.44897460938,3523.38500976562,0.906358222492921,104.844665527344
252,-154.905455,19.530393,28,18,177,100,22.2430801391602,3193.44897460938,3523.38500976562,0.906358222492921,104.844665527344
253,-154.905455,19.530393,28,18,177,100,22.2430801391602,3193.44897460938,3523.38500976562,0.906358222492921,104.844665527344
254,-154.905455,19.530393,28,18,177,100,22.2430801391602,3193.44897460938,3523.38500976562,0.906358222492921,104.844665527344
255,-154.905455,19.530393,28,18,177,100,22.2430801391602,3193.44897460938,3523.38500976562,0.906358222492921,104.844665527344
256,-154.905455,19.530393,28,18,177,100,22.2430801391602,3193.44897460938,3523.38500976562,0.906358222492921,104.844665527344
257,-154.884626,19.525996,28,18,575,475,22.4754905700684,2895.837890625,3343.57592773438,0.86609006441413,82.8706283569336
258,-154.884626,19.525996,28,18,575,475,22.4754905700684,2895.837890625,3343.57592773438,0.86609006441413,82.8706283569336
259,-154.884626,19.525996,28,18,575,475,22.4754905700684,2895.837890625,3343.57592773438,0.86609006441413,82.8706283569336
260,-154.884626,19.525996,28,18,575,475,22.4754905700684,2895.837890625,3343.57592773438,0.86609006441413,82.8706283569336
261,-154.884626,19.525996,28,18,575,475,22.4754905700684,2895.837890625,3343.57592773438,0.86609006441413,82.8706283569336
262,-154.884626,19.525996,28,18,575,475,22.4754905700684,2895.837890625,3343.57592773438,0.86609006441413,82.8706283569336
263,-154.884626,19.525996,28,18,575,475,22.4754905700684,2895.837890625,3343.57592773438,0.86609006441413,82.8706283569336
264,-154.884626,19.525996,28,18,575,475,22.4754905700684,2895.837890625,3343.57592773438,0.86609006441413,82.8706283569336
265,-154.884626,19.525996,28,18,575,475,22.4754905700684,2895.837890625,3343.57592773438,0.86609006441413,82.8706283569336
266,-154.884626,19.525996,28,18,575,475,22.4754905700684,2895.837890625,3343.57592773438,0.86609006441413,82.8706283569336
267,-154.905455,19.530393,28,18,177,100,22.2430801391602,3193.44897460938,3523.38500976562,0.906358222492921,104.844665527344
268,-154.905455,19.530393,28,18,177,100,22.2430801391602,3193.44897460938,3523.38500976562,0.906358222492921,104.844665527344
269,-154.905455,19.530393,28,18,177,100,22.2430801391602,3193.44897460938,3523.38500976562,0.906358222492921,104.844665527344
270,-154.905455,19.530393,28,18,177,100,22.2430801391602,3193.44897460938,3523.38500976562,0.906358222492921,104.844665527344
271,-154.905455,19.530393,28,18,177,100,22.2430801391602,3193.44897460938,3523.38500976562,0.906358222492921,104.844665527344
272,-154.873548,19.52276,28,18,300,475,22.4048194885254,2765.4990234375,3337.76000976562,0.828549391012595,90.0648956298828
273,-154.873548,19.52276,28,18,300,475,22.4048194885254,2765.4990234375,3337.76000976562,0.828549391012595,90.0648956298828
274,-154.873548,19.52276,28,18,300,475,22.4048194885254,2765.4990234375,3337.76000976562,0.828549391012595,90.0648956298828
275,-154.873548,19.52276,28,18,300,475,22.4048194885254,2765.4990234375,3337.76000976562,0.828549391012595,90.0648956298828
276,-154.873548,19.52276,28,18,300,475,22.4048194885254,2765.4990234375,3337.76000976562,0.828549391012595,90.0648956298828
277,-154.873548,19.52276,28,18,300,475,22.4048194885254,2765.4990234375,3337.76000976562,0.828549391012595,90.0648956298828
278,-154.873548,19.52276,28,18,300,475,22.4048194885254,2765.4990234375,3337.76000976562,0.828549391012595,90.0648956298828
279,-154.873548,19.52276,28,18,300,475,22.4048194885254,2765.4990234375,3337.76000976562,0.828549391012595,90.0648956298828
280,-154.873548,19.52276,28,18,300,475,22.4048194885254,2765.4990234375,3337.76000976562,0.828549391012595,90.0648956298828
281,-154.873548,19.52276,28,18,300,475,22.4048194885254,2765.4990234375,3337.76000976562,0.828549391012595,90.0648956298828
282,-159.479912,22.186576,28,18,4750000,5e+06,20.7365398406982,2447.13110351562,3552.9541015625,0.688759559950251,304.609405517578
283,-154.99774,19.54567,50.0786895751953,32.3857917785645,1033.5,475,21.6073093414307,3631.59204101562,2949.14501953125,1.23140504009289,164.070114135742
284,-155.983333333333,19.7333333333333,51.9371185302734,33.2914123535156,2250,2250,NA,NA,NA,NA,NA
285,-158.100992,21.413189,53,34,3010000,3e+06,18.0519008636475,1159.46899414062,2870.46411132812,0.40393084503821,852.602905273438
286,-155.194924,19.905336,15,10,182000,95000,18.6758708953857,5341.55615234375,2526.22900390625,2.11443861347654,554.407470703125
287,-159.626792,22.14813,28,18,4750000,5e+06,15.3090295791626,2225.57397460938,2830.72705078125,0.786219912652879,1164.15979003906
288,-157.929437,21.533393,47.5071105957031,30.7042675018311,2400000,3e+06,17.4940299987793,5492.32421875,2417.13110351562,2.27224920103077,631.030334472656
289,-155.257481,19.694877,17,11,162,100,15.7631702423096,6170.2939453125,1522.82397460938,4.05187601994201,1037.54150390625
290,-155.329258,19.677957,17,11,162,100,13.2803802490234,2819.62890625,1641.06494140625,1.71817021685554,1490.03576660156
291,-155.465774,19.687161,9.77722930908203,6.51815319061279,37500,20000,10.5445699691772,1033.53405761719,2002.98303222656,0.515997410356635,2014.60729980469
292,-155.237235,19.414151,21.0221538543701,13.6326971054077,1033.5,475,15.3093595504761,2796.88500976562,2275.07690429688,1.22935844695325,1202.71130371094
293,-155.237542,19.413278,21.0221538543701,13.6326971054077,1033.5,475,15.3866596221924,2702.17797851562,2295.1640625,1.1773354343882,1197.47351074219
294,-156.546013,20.947536,37.8901672363281,24.6160278320312,1200000,1500000,19.5463695526123,2081.67602539062,2049.15600585938,1.01586995789401,593.092163085938
295,-159.645938888889,22.061,31.3102779388428,20.2068519592285,3750000,3e+06,21.3092308044434,1063.10302734375,2490.11303710938,0.426929625884712,361.400085449219
296,-158.016838,21.623398,43,28,2400000,3e+06,21.9872703552246,1961.92700195312,4059.23095703125,0.483324802831124,211.629150390625
297,-158.18,21.5,52.8074340820312,33.8844604492188,NA,NA,21.4458103179932,1634.82104492188,3227.162109375,0.506581631016512,348.660034179688
298,-157.72,21.29,73.0368423461914,47.0230293273926,2400000,3e+06,NA,NA,NA,NA,NA
299,-156.64,20.97,53.9072723388672,34.6939468383789,1200000,1500000,21.3913707733154,1863.13903808594,2979.1279296875,0.625397459276404,307.094360351562
300,-157.85,21.4,60.5128631591797,39.0085754394531,2400000,3e+06,20.1055698394775,3271.86303710938,3110.56591796875,1.05185458961305,468.488342285156
301,-155.3,19.85,14,9,37500,20000,12.5252504348755,3026.97192382812,2084.19506835938,1.45234578556549,1635.23779296875
302,-155.34,19.44,15,10,2250,2250,14.6851997375488,1813.36901855469,2441.75903320312,0.742648637271914,1381.58239746094
303,-155.19,19.79,28,18,37500,20000,16.592399597168,7005.12109375,1703.2900390625,4.11270008812219,807.5576171875
304,-159.72,22.07,28,18,4750000,5e+06,19.8351593017578,861.059020996094,2027.48596191406,0.42469296319231,591.66650390625
305,-155.78,19.19,18,12,2250,2250,13.7326698303223,847.164184570312,1661.42004394531,0.509903674063413,1518.908203125
306,-155.29,19.92,15,10,8000,7500,14.567310333252,3317.36010742188,2227.7958984375,1.48907721292986,1281.52355957031
307,-155.41,19.4,9,6,1125,1125,14.3093595504761,1601.09594726562,1620.40905761719,0.988081336462064,1427.33203125
308,-159.65,22.13,34,22,4150000,5e+06,16.1452808380127,1630.97094726562,2643.27587890625,0.617026380137248,1134.17541503906
309,-155.48,19.33,9,6,1125,1125,15.2055196762085,2299.626953125,1592.14904785156,1.44435406737083,1265.62976074219
310,-155.55,19.26,15,10,20500,20000,14.054349899292,2442.73999023438,1510.90698242188,1.61673750843274,1455.64794921875
311,-155.5,19.31,12.6803665161133,8.45357799530029,1125,1125,14.4140300750732,2274.34399414062,1545.123046875,1.47195008108931,1388.34777832031
312,-155.21,19.86,28,18,37500,20000,16.43869972229,6769.76220703125,1886.75,3.58805470095733,870.439514160156
313,-155.5,19.37,9,6,1125,1125,10.9394798278809,1835.82604980469,1374.95104980469,1.33519375112697,1959.35217285156
314,-157.95,21.5,48.5026168823242,31.3015689849854,2400000,3e+06,19.9162502288818,3881.30493164062,3290.11303710938,1.17968741130264,396.974975585938
315,-155.89,19.69,18,12,4000,4000,10.750129699707,773.333679199219,1723.27404785156,0.448758385332471,2009.27416992188
316,-155.24,19.71,17,11,20500,20000,16.3442192077637,6314.18212890625,1567.66296386719,4.02776762253164,931.964294433594
317,-155.26,19.94,15,10,37500,20000,17.0863304138184,4545.63720703125,2287.7958984375,1.98690679100168,845.650573730469
318,-155.23,19.91,15,10,182000,95000,17.2417907714844,5112.59521484375,2133.38500976562,2.39647095645686,787.572692871094
319,-157.99,21.64,43,28,2400000,3e+06,20.2808704376221,2567.90087890625,3608.40405273438,0.711644494734548,437.964630126953
320,-158.18,21.54,28,18,3305000,3e+06,20.1129703521729,1385.02099609375,2680.748046875,0.516654669471193,513.740600585938
321,-155.8,19.23,20,13,2250,2250,13.8511695861816,814.994506835938,1716.01501464844,0.474934368218746,1504.45593261719
322,-155.21,19.7,20.6303577423096,13.420238494873,4000,4000,17.3029899597168,5859.23486328125,1589.93005371094,3.68521549083599,739.449340820312
323,-155.15,19.61,26,17,1125,1125,18.6034297943115,5449.85888671875,1779.14404296875,3.06319148708437,580.537353515625
324,-155.8,19.2,19.7150745391846,12.8575372695923,91,100,14.6747303009033,797.526428222656,1612.89294433594,0.494469537499908,1360.22729492188
325,-155.19,19.7,23,15,162,100,17.741870880127,5703.0458984375,1777.65795898438,3.20817954298464,648.620178222656
326,-155.29,19.45,17,11,475,475,15.433910369873,2085.59497070312,2253.2451171875,0.925596134568069,1236.40454101562
327,-159.69,22.1,34,22,4750000,5e+06,17.7905693054199,1233.52600097656,2342.35302734375,0.526618313540633,914.679931640625
328,-155.16,19.69,34,22,8000,7500,19.190990447998,5389.06396484375,2020.15698242188,2.66764613430341,454.276672363281
329,-155.17,19.87,15.2231693267822,10.1373348236084,37500,20000,18.9712505340576,5829.19482421875,2425.01196289062,2.40377982188192,481.936401367188
330,-155.19,19.66,14,9,8000,7500,17.7571392059326,5779.1611328125,1730.40197753906,3.33977954708044,667.794189453125
331,-155.22,19.74,17,11,37500,20000,16.327730178833,6456.080078125,1565.05200195312,4.12515371378591,904.15087890625
332,-155.34,19.68,17,11,162,100,13.0044298171997,2656.81201171875,1719.30102539062,1.54528612062866,1545.92956542969
333,-155.31,19.89,9,6,8000,7500,12.8328800201416,2647.31494140625,2264.64794921875,1.16897416321133,1597.50256347656
334,-155.86,19.73,12.5721673965454,8.38144493103027,2250,2250,14.3825998306274,703.12841796875,1156.42700195312,0.608017987111348,1443.24597167969
335,-155.17,19.72,17,11,38000,40000,18.5514698028564,5757.47802734375,1778.68505859375,3.23692943814105,529.772705078125
336,-155.45,19.36,9,6,1125,1125,14.6795597076416,1929.76599121094,1791.51000976562,1.07717287689808,1356.29211425781
337,-159.68,22.06,34,22,4750000,5e+06,18.4319095611572,1004.43597412109,2186.0009765625,0.459485601740478,825.62158203125
338,-158.06,21.56,71,46,NA,NA,22.7029094696045,1007.93798828125,3333.35302734375,0.302379609964218,181.445510864258
339,-159.47,22.15,28,18,NA,NA,21.7828807830811,3558.06811523438,2380.73291015625,1.49452637045323,113.564094543457
340,-155.75,20.21,28,18,380000,460000,22.3419895172119,1861.90295410156,4743.40087890625,0.392524899673014,153.330459594727
341,-159.64,22.17,34,22,NA,NA,22.011869430542,1374.03894042969,3106.19189453125,0.442354814861508,229.933609008789
342,-158.11,21.45,48,31,NA,NA,21.9195709228516,1156.98999023438,3396.35009765625,0.340656868982026,273.122680664062
343,-156.25,20.88,28,18,545000,460000,19.5280094146729,3561.80493164062,3678.01196289062,0.9684049338549,468.967529296875
344,-157.83,21.36,65,42,2400000,3e+06,20.0146808624268,2821.53002929688,3229.23706054688,0.87374509099033,430.844360351562
345,-156.57,20.98,28,18,1200000,1500000,20.4362506866455,1953.38098144531,3155.3291015625,0.61907361120525,429.236663818359
346,-155.1,19.43,53,34,1033.5,475,18.3551502227783,4852.001953125,2104.90698242188,2.30509091073581,686.174682617188
347,-155.7,20.16,28,18,380000,460000,18.4816207885742,3759.56103515625,2692.44506835938,1.39633713583881,678.31787109375
348,-156.23,20.85,28,18,95000,95000,17.3634490966797,5277.59912109375,2631.07592773438,2.00587108318014,698.98095703125
349,-156.07,20.77,18,12,40000,40000,16.6447906494141,7492.57177734375,1881.65698242188,3.98190097735034,800.018920898438
350,-156.12,20.79,18,12,545000,460000,16.4683990478516,7115.05419921875,1996.22595214844,3.56425293016613,734.033569335938
351,-155.31,19.97,15,10,182000,95000,17.3046703338623,3706.82788085938,2318.7451171875,1.59863533658048,860.051940917969
352,-155.18,19.52,21,14,8000,7500,16.9387702941895,6152.68603515625,1689.9169921875,3.64082145075774,853.505310058594
353,-155.12,19.65,34.5634346008301,22.2419815063477,8000,7500,20.3647403717041,4820.88720703125,2268.29711914062,2.12533321422094,303.816589355469
354,-155.11,19.8,34,22,182000,95000,21.4611396789551,4163.3359375,2077.47509765625,2.00403650671768,167.485961914062
355,-155.12,19.61,26,17,1125,1125,19.6072006225586,4794.97900390625,2209.9560546875,2.16971690171653,421.415802001953
356,-156.02,20.76,27.9664707183838,18.2751846313477,475,475,20.940559387207,3278.330078125,2570.20190429688,1.27551460943371,322.288421630859
357,-156,20.72,25,16,21500,20000,22.8729400634766,1868.44104003906,2388.82690429688,0.782158404478041,80.5742797851562
358,-156.02,20.69,25,16,460000,460000,22.1244792938232,2026.62902832031,2992.5009765625,0.677235878682423,180.695251464844
359,-157.99,21.52,58.5267486572266,37.6845016479492,2400000,3e+06,20.9698390960693,1967.38305664062,3437.9619140625,0.57225272001802,395.730712890625
360,-155.83,19.77,18,12,103000,95000,16.5883598327637,688.507507324219,1130.25,0.609163908271815,1104.55895996094
361,-155.61,19.18,15,10,20500,20000,15.3483400344849,2939.55590820312,1553.25402832031,1.8925145884746,1206.57678222656
362,-156.1,20.74,18,12,9000,7500,11.8319301605225,9399.333984375,1862.00402832031,5.0479665142583,1652.78625488281
363,-155.21,19.45,43,28,575,475,16.2670707702637,4345.619140625,1890.61694335938,2.29851909234634,1003.38500976562
364,-156.21,20.8,18,12,545000,460000,13.9815998077393,4924.73193359375,1899.69702148438,2.5923775622629,1250.09436035156
365,-156.16,20.75,26,17,545000,460000,11.3696899414062,3851.26806640625,2274.2470703125,1.69342553704029,1874.66027832031
366,-155.64,19.18,15,10,1125,1125,13.9948997497559,2447.5400390625,1969.44201660156,1.24275811038394,1482.75988769531
367,-155.59,19.14,15,10,4000,4000,18.8229808807373,2358.60498046875,1908.44995117188,1.23587468407042,668.403747558594
368,-155.27,19.63,10,7,4000,4000,14.7661800384521,4733.31103515625,1494.35095214844,3.167469481216,1218.45874023438
369,-155.21,19.57,26.2192840576172,16.9824485778809,1125,1125,16.2415599822998,6332.34716796875,1598.81396484375,3.96065290096938,962.058044433594
370,-155.54,19.25,15,10,20500,20000,14.7309598922729,2534.48095703125,1492.32104492188,1.69834833171835,1309.95202636719
371,-155.83,19.27,20,13,67,100,15.2312202453613,896.614624023438,1577.64599609375,0.568324342877587,1270.21472167969
372,-155.63,20.11,28,18,380000,460000,18.0782699584961,3067.2890625,2263.05688476562,1.35537426529058,751.026123046875
373,-155.57,19.23,15,10,2250,2250,14.9549999237061,2511.46704101562,1465.25500488281,1.71401362400839,1301.45275878906
374,-157.94,21.62,54.0828628540039,35.0497169494629,2400000,3e+06,21.8145809173584,2442.037109375,3761.23803710938,0.649264174530091,196.452041625977
375,-155.26,20,22.8857173919678,15.1785736083984,182000,95000,22.0035991668701,3577.38500976562,4716.4150390625,0.758496650557012,145.035720825195
376,-158.01,21.68,49.9273986816406,32.2363014221191,2400000,3e+06,22.6798095703125,1272.65295410156,4580.18017578125,0.277860893078182,137.270477294922
377,-156.53,20.98,28.4963073730469,20.3292045593262,1200000,1500000,23.099910736084,766.608215332031,3251.662109375,0.235758879473298,114.792419433594
378,-156.62,21,48,31,1650000,1500000,22.2641296386719,1654.94396972656,4439.875,0.372745622281385,174.544830322266
379,-154.88,19.55,28.3407745361328,18.2555809020996,177,100,22.7666702270508,2834.44091796875,3604.71801757812,0.786314187169931,43.1524696350098
380,-155,19.7,48,31,1125,1125,22.8883209228516,3257.10693359375,3645.82006835938,0.893381152257317,16.2149887084961
381,-154.87,19.44,34,22,227,100,22.9900093078613,2480.2119140625,4111.5908203125,0.60322440205127,46.8477935791016
382,-154.9,19.48,34,22,227,100,21.6524791717529,3131.47192382812,2761.2080078125,1.13409490156772,198.721862792969
383,-155.03,19.61,54,35,8000,7500,22.0605392456055,3625.69799804688,3261.57592773438,1.11163991836469,98.6551666259766
384,-155.02,19.71,52.6809844970703,33.8085899353027,1125,1125,22.8280391693115,3302.61303710938,3359.86499023438,0.982960043545974,24.2884368896484
385,-154.97,19.57,52.7704467773438,34.1802978515625,1033.5,475,22.298770904541,3432.5419921875,2879.5810546875,1.19202825931914,74.9787368774414
386,-155.09,19.63,34,22,1125,1125,20.8955097198486,4236.3681640625,2349.39208984375,1.80317631202387,261.051635742188
387,-154.94,19.48,34,22,575,475,21.2451190948486,3231.39306640625,2802.88989257812,1.15287906063052,243.482055664062
388,-156.04,20.72,18,12,9000,7500,17.9569492340088,5120.69482421875,1988.24694824219,2.57548230049892,707.687255859375
389,-155.65,20.04,58.7729759216309,37.8637847900391,190000,460000,17.015739440918,1966.20495605469,2200.92602539062,0.893353494561782,1013.46997070312
390,-155.29,19.79,21,14,37500,20000,12.8663902282715,3404.30493164062,1719.73400878906,1.97955318336569,1566.353515625
391,-155.72,20.08,28,18,380000,460000,13.2110300064087,2623.56005859375,2600.60595703125,1.00882644350654,1563.67602539062
392,-155.29,19.55,39,25,1125,1125,13.3458003997803,2793.1630859375,1777.99597167969,1.57096142535057,1502.24230957031
393,-155.27,19.83,21,14,37500,20000,13.7310600280762,4639.962890625,1797.36499023438,2.58153625770799,1400.38842773438
394,-155.27,19.49,21,14,8000,7500,14.5067596435547,2652.8369140625,2047.28796386719,1.295781033681,1325.48547363281
395,-155.29,19.83,20.8926296234131,13.9233064651489,37500,20000,12.9345102310181,3332.92993164062,1853.85302734375,1.79783935537551,1553.06359863281
396,-155.64,19.14,15,10,4000,4000,15.7616901397705,2162.34301757812,1860.51794433594,1.16222637043682,1167.67309570312
397,-155.26,19.76,12.5011863708496,8.33412456512451,37500,20000,14.8707399368286,5735.10595703125,1529.76403808594,3.74901345190929,1198.90600585938
398,-155.24,19.46,37,24,8000,7500,15.5093097686768,3187.24389648438,1983.78295898438,1.60664949865086,1143.47595214844
399,-155.31,19.67,11.0034217834473,7.57338428497314,475,475,13.8464202880859,3055.26391601562,1575.56896972656,1.9391495864163,1393.65246582031
400,-155.83,19.4,20,13,2250,2250,16.0538997650146,1407.251953125,1601.78405761719,0.878552852635097,1154.86096191406
401,-155.66,20.08,32,21,380000,460000,NA,NA,NA,NA,NA
402,-155.67,19.15,15,10,2250,2250,14.7535800933838,1696.21704101562,2143.51196289062,0.791326136910474,1359.259765625
403,-155.22,19.41,21.3755264282227,13.9250659942627,1033.5,475,15.7809896469116,3055.86401367188,2147.31103515625,1.42311195892938,1112.38098144531
404,-155.59,19.15,15,10,4000,4000,18.3332004547119,2499.98193359375,1858.39599609375,1.3452363967898,730.349182128906
405,-155.29,19.67,10,7,2250,2250,14.4471302032471,3701.34912109375,1519.02001953125,2.43666908500386,1280.00927734375
406,-155.27,19.87,9.2060022354126,6.1373348236084,8000,7500,14.0036096572876,4444.7080078125,1985.96899414062,2.23805508591831,1355.53063964844
407,-156.16,20.79,18,12,545000,460000,15.4262199401855,5740.0859375,1832.57299804688,3.13225500081999,939.190002441406
408,-155.29,19.71,16.8150520324707,10.8943157196045,4000,4000,14.7468299865723,4050.71704101562,1597.70300292969,2.53533794052329,1231.36791992188
409,-159.62,22.14,28,18,4150000,5e+06,15.7207403182983,2487.41088867188,2388.27905273438,1.04150764368343,1127.94421386719
410,-155.23,19.68,10,7,162,100,16.7044696807861,6140.98193359375,1567.3759765625,3.91800182306091,864.452026367188
411,-155.27,19.92,15,10,182000,95000,15.6257801055908,4017.67700195312,2142.50390625,1.87522505337468,1097.99157714844
412,-155.23,19.54,18.1772308349609,12.2036924362183,1125,1125,15.3736400604248,5528.9638671875,1672.34802246094,3.30610841339793,1116.96618652344
413,-155.61,20.05,53.3827857971191,34.5370903015137,190000,460000,17.6704807281494,1730.51196289062,1076.54797363281,1.60746386159737,870.4990234375
414,-155.17,19.54,41.1027908325195,26.7351951599121,1125,1125,17.2973098754883,6089.14599609375,1625.68603515625,3.74558547247932,793.097900390625
415,-155.53,19.21,15,10,8000,7500,17.8128395080566,2351.19409179688,1629.02294921875,1.4433155118683,798.7060546875
416,-155.89,19.58,34.3494606018066,22.2973899841309,710,475,16.7463798522949,1343.20703125,1526.55102539062,0.879896583153053,1033.45776367188
417,-155.83,19.44,20,13,1125,1125,15.6540298461914,1199.92199707031,1727.333984375,0.694667046398951,1193.71533203125
418,-155.5,19.24,15,10,20500,20000,17.8580207824707,2273.52099609375,1256.77795410156,1.80900769994731,822.438049316406
419,-155.75,20.18,28,18,190000,460000,19.747709274292,2772.10107421875,3043.78588867188,0.910741154473361,516.465393066406
420,-155.02,19.46,28,18,575,475,19.8655700683594,3829.80810546875,2484.998046875,1.54117147507818,438.743438720703
421,-155.63,19.1,15,10,4000,4000,18.1878795623779,1969.10498046875,2233.60595703125,0.881581182334392,794.913208007812
422,-155.12,19.59,26,17,1125,1125,19.2938804626465,4791.5078125,1578,3.03644348067174,469.769348144531
423,-155.86,19.47,24.7208003997803,16.1472015380859,2250,2250,17.0694808959961,1541.51098632812,1813.18701171875,0.850166572099422,984.084289550781
424,-155.22,19.48,32.0762634277344,20.922664642334,8000,7500,15.7434701919556,4357.64306640625,1980.27001953125,2.20052973757475,1083.61328125
425,-155.15,19.44,29.3476276397705,19.0107192993164,1033.5,475,17.4740695953369,5316.48291015625,1941.32104492188,2.73859026257566,810.728942871094
426,-155.95,19.7,48.6488380432129,31.1401691436768,2250,2250,17.9420509338379,1328.81201171875,1563.45202636719,0.849921832783291,865.174255371094
427,-155.22,19.61,10,7,8000,7500,16.3992404937744,6303.8330078125,1575.05102539062,4.00230399281769,928.487365722656
428,-155.68,19.11,15,10,2250,2250,16.7392807006836,1504.63195800781,2169.94091796875,0.693397661451666,1038.48364257812
429,-155.85,19.42,20.5610218048096,13.3740148544312,4000,4000,17.9607391357422,1922.166015625,1802.4580078125,1.06641375682187,850.503112792969
430,-155.05,19.54,37,24,575,475,20.6453304290771,4120.6240234375,2407.27807617188,1.71173578334176,295.917602539062
431,-155.26,19.58,17,11,475,475,14.6926202774048,4029.12890625,1551.21997070312,2.59739365296058,1250.10888671875
432,-155.23,19.41,21.3755264282227,13.9250659942627,1033.5,475,15.5941400527954,2833.53002929688,2205.65991210938,1.28466315851343,1160.94396972656
433,-155.27,19.7,17,11,4000,4000,15.3450002670288,5551.162109375,1528.61499023438,3.63149788850616,1116.8125
434,-154.96,19.44,34,22,1125,1125,20.2674198150635,3096.35791015625,2825.5400390625,1.0958464107214,397.36181640625
435,-155.35,19.98,15,10,37500,20000,16.9641399383545,2685.26293945312,2171.76196289062,1.23644441027,959.091613769531
436,-155.14,19.76,30.9260921478271,20.1945686340332,182000,95000,19.4891395568848,5376.7080078125,1738.44104003906,3.09283310965305,416.246612548828
437,-157.79,21.37,65,42,6e+05,460000,21.8864593505859,2152.59594726562,3428.34912109375,0.627881196235604,217.654327392578
438,-158.03,21.6,43,28,2400000,3e+06,21.516170501709,1634.17004394531,3684.86303710938,0.443481895388777,301.335632324219
439,-156.3,20.89,59,38,545000,460000,21.0732192993164,2092.37109375,2287.23291015625,0.914804559019336,334.595886230469
440,-158.01,21.43,81.0023040771484,52.0882415771484,NA,NA,22.7800407409668,774.463623046875,2412.9560546875,0.320960517097845,120.262565612793
441,-155.07,19.72,65,42,1125,1125,22.7493190765381,3428.43701171875,5390.5419921875,0.636009703047964,8.71602439880371
442,-156.88,20.82,34.9488906860352,22.5930576324463,1380000,1500000,17.7925701141357,895.385620117188,2248.73095703125,0.39817374209108,896.478698730469
443,-155.87,19.11,17,11,475,475,22.1672801971436,766.412780761719,1333.19995117188,0.574867093332884,221.601135253906
444,-155.2,19.95,20.4961280822754,13.6640853881836,182000,95000,NA,NA,NA,NA,NA
445,-155.46,19.27,21,14,20500,20000,NA,NA,NA,NA,NA
446,-155.45,20.04,26.0723743438721,16.8137683868408,182000,95000,NA,NA,NA,NA,NA
447,-155.12,19.77,50.5066108703613,32.587085723877,182000,95000,NA,NA,NA,NA,NA
448,-155.38,20.02,15,10,37500,20000,NA,NA,NA,NA,NA
449,-155.46,19.99,15,10,182000,95000,NA,NA,NA,NA,NA
450,-155.83,19.64,12,8,2250,2250,12.4111404418945,680.756286621094,1664.39501953125,0.409011249512641,1749.55969238281
451,-154.96,19.4,34,22,300,475,21.9372501373291,2747.55590820312,2909.18408203125,0.944442094666188,186.419799804688
452,-156.31,20.69,28,18,9000,7500,10.0752296447754,936.070373535156,1763.76403808594,0.530723131508563,2127.47729492188
453,-155.83,19.8,25.2763423919678,16.1842288970947,2250,2250,18.5516796112061,649.053771972656,1732.64196777344,0.37460351535103,796.826293945312
454,-159.7,22.02,34.0770111083984,22.0462074279785,4750000,5e+06,20.8490295410156,717.469970703125,2270.07397460938,0.316055766784686,390.989349365234
455,-155.39,19.35,20.3878326416016,13.5918893814087,1125,1125,17.9507598876953,1823.375,1979.82995605469,0.920975558746235,874.465576171875
456,-158.01,21.55,58.4642715454102,37.6428489685059,2400000,3e+06,20.938419342041,1611.51599121094,2624.5791015625,0.614009305435507,379.284637451172
457,-158.09,21.39,73.2279968261719,47.2995567321777,3010000,3e+06,20.0057792663574,1044.07397460938,2595.17602539062,0.402313355392616,566.257690429688
458,-155.43,19.33,18.4163017272949,12.2775344848633,1125,1125,17.426290512085,1892.06799316406,1702.13098144531,1.11158777661016,927.57763671875
459,-156.64,20.91,53,34,1650000,1500000,20.2728500366211,1555.1240234375,2797.02905273438,0.555991373031042,528.693115234375
460,-159.38,22.06,59.9158210754395,38.6109733581543,2e+06,1500000,22.6930599212646,1765.67395019531,3661.31909179688,0.482250769716105,100.895462036133
461,-157.84,21.48,65,41.5739440917969,NA,NA,23.2198295593262,1393.4169921875,3591.64111328125,0.387961087491423,1.02843248844147
462,-159.54,22.21,51.1167449951172,32.8722991943359,NA,NA,22.9650802612305,2387.44311523438,4166.23876953125,0.573045196711803,40.315242767334
463,-155.23,19.38,26,17,300,475,16.4884605407715,2486.580078125,2393.98388671875,1.0386787028601,1039.99987792969
464,-158.23,21.5,57.0526008605957,36.7341918945312,NA,NA,23.6918601989746,742.576782226562,2956.12109375,0.251199717019902,3.20760035514832
465,-155.5,19.14,21,14,2250,2250,NA,NA,NA,NA,NA
466,-156.62,20.87,43.1182556152344,28.0709533691406,1650000,1500000,NA,NA,NA,NA,NA
467,-155.59,19.02,15,10,4000,4000,23.360330581665,738.130310058594,3960.51489257812,0.186372310186695,49.9099311828613
468,-157.96,21.43,78.1387100219727,50.1791801452637,2400000,3e+06,22.9551105499268,1172.48205566406,3738.19091796875,0.313649591846198,119.382476806641
469,-155.68,19.62,9,6,158,100,10.8343896865845,464.598388671875,1460.81994628906,0.318039461230044,2009.1962890625
470,-155.08,19.64,36.7309150695801,23.7068214416504,1125,1125,21.2414398193359,4093.31494140625,2382.583984375,1.71801496536963,208.744964599609
471,-155.11,19.69,53.0893440246582,34.1054229736328,1125,1125,21.4629993438721,4224.1259765625,2632.85888671875,1.60438753397334,163.620513916016
472,-155.85,19.23,20,13,2250,2250,17.7095794677734,1219.26098632812,1615.37194824219,0.754786529291225,877.546691894531
473,-155.8,19.09,21,14,1125,1125,19.9314804077148,803.840270996094,1854.88403320312,0.433364165417918,557.058349609375
474,-155.01,19.45,28,18,1033.5,475,19.9056701660156,3615.333984375,2528.71411132812,1.42971242505392,445.066558837891
475,-155.41,19.66,9,6,2250,2250,11.2673196792603,1976.0810546875,2227.48388671875,0.887135959308067,1876.35412597656
476,-155.83,19.55,20.9193458557129,13.7516078948975,2250,2250,14.8950099945068,777.209228515625,1909.05395507812,0.407117476406694,1350.81188964844
477,-154.86,19.52,28,18,227,100,22.6122207641602,2641.92797851562,3076.06689453125,0.858865580333297,69.2968063354492
478,-155.63,19.23,11.7750406265259,7.85002660751343,475,475,11.5144300460815,2184.11401367188,2243.13793945312,0.973686894264006,1877.771484375
479,-155.34,19.55,12.3420114517212,8.22800731658936,475,475,NA,NA,NA,NA,NA
480,-159.48,22.03,28,18,2e+06,1500000,20.1561508178711,4648.36083984375,2242.27001953125,2.07306024669388,344.115539550781
481,-155.45,19.38,9,6,1125,1125,13.5315504074097,1807.82397460938,1864.32800292969,0.969692013298347,1541.64392089844
482,-155.81,19.77,18,12,2250,2250,16.721549987793,678.933715820312,1606.01794433594,0.422743542944061,1089.63037109375
483,-155.32,19.5,13.2233476638794,9.05122089385986,8000,7500,13.2121000289917,2412.74194335938,2321.23095703125,1.03942347315804,1580.3896484375
484,-155.11,19.49,37,24,1033.5,475,18.7750091552734,4778.044921875,2103.51708984375,2.27145524271919,572.958251953125
485,-155.26,19.38,26,17,575,475,16.5129203796387,1898.80200195312,2472.63500976562,0.76792652148572,1079.43884277344
486,-155.68,20.12,28,18,380000,460000,15.3358602523804,3839.84497070312,1834.25598144531,2.09340735946653,1106.01708984375
487,-155.31,19.47,10,7,475,475,14.2256202697754,2158.95092773438,2430.85498046875,0.888144683693989,1424.7099609375
488,-155.92,19.65,24.5693607330322,16.0968036651611,20500,20000,17.3178901672363,1290.291015625,1452.9150390625,0.888070520942206,936.926330566406
489,-155.91,19.74,18,12,4000,4000,15.5204401016235,731.667602539062,1300.66101074219,0.562535200560487,1259.74548339844
490,-155.39,19.68,15,10,82,100,11.6538095474243,2154.60205078125,1378.14697265625,1.56340513278381,1788.19262695312
491,-155.81,19.72,13.4162664413452,8.70813274383545,2250,2250,14.7165002822876,632.926818847656,1488.92797851562,0.425088941829576,1399.82397460938
492,-155.05,19.49,28,18,1033.5,475,19.8956298828125,4300.23193359375,2309.15087890625,1.86225680308538,407.977508544922
493,-155.52,19.33,9,6,1125,1125,11.0566101074219,1987.83703613281,1974.60498046875,1.00670111530911,1952.64465332031
494,-155.25,19.32,15,10,2250,2250,18.5049991607666,1946.06896972656,2160.92700195312,0.900571360331762,790.95068359375
495,-155.81,19.47,19.1565742492676,12.5782871246338,1125,1125,14.3965997695923,818.72509765625,1755.7900390625,0.466300115299325,1448.43408203125
496,-154.94,19.4,34,22,300,475,22.6485996246338,2545.65795898438,3742.10888671875,0.680273620048647,91.3482894897461
497,-155.79,20.17,33.6019973754883,21.7346649169922,190000,460000,18.5492496490479,2397.69506835938,2786.31298828125,0.860526106881626,717.0283203125
498,-155.38,19.3,15,10,98,100,18.9931297302246,1690.76599121094,1394.96496582031,1.21204907122286,722.194519042969
499,-155.79,19.17,16.7807350158691,11.1871566772461,475,475,14.9044504165649,802.526611328125,1612.51696777344,0.497685684781509,1333.17553710938
500,-155.81,19.14,15,10,475,475,17.8229503631592,977.182006835938,1221.77905273438,0.799802554028879,880.519958496094
501,-155.86,19.6,18,12,710,475,15.2086496353149,844.402221679688,1760.3310546875,0.479683761432925,1304.30505371094
502,-155.83,19.19,20,13,2250,2250,NA,NA,NA,NA,NA
503,-155.93,19.66,38.2668113708496,24.7707595825195,20500,20000,17.6770095825195,1383.14099121094,1568.39404296875,0.881883604067283,875.942626953125
504,-155.7,19.17,9,6,101,100,13.2976303100586,1448.42602539062,1439.35900878906,1.00629934335089,1594.37890625
505,-155.79,19.11,37,24,1125,1125,18.6810398101807,877.497192382812,1655.15795898438,0.530159183671663,747.111145019531
506,-155.32,19.76,10,7,37500,20000,12.3520803451538,2751.59204101562,1943.9580078125,1.4154585798445,1656.650390625
507,-155.25,19.96,15,10,182000,95000,19.0934104919434,5001.23681640625,2237.92895507812,2.23476120859773,519.182678222656
508,-155.83,19.52,24.0889892578125,15.5556182861328,475,475,14.8883199691772,840.923522949219,1724.82897949219,0.487540233233325,1352.65954589844
509,-155.39,19.61,15,10,2250,2250,10.7911701202393,1861.08203125,2250.28588867188,0.82704248407673,1948.27453613281
510,-155.13,19.53,43,28,20500,20000,18.5219593048096,5129.1669921875,1655.52600097656,3.0982098675357,599.666564941406
511,-155.47,19.4,9,6,1125,1125,NA,NA,NA,NA,NA
512,-155.56,19.81,9,6,37500,20000,8.37476062774658,401.49951171875,1935.26501464844,0.207464873637313,2661.59985351562
513,-155.75,19.53,12,8,2250,2250,11.6175699234009,560.145202636719,1977.751953125,0.283223182640091,1881.31896972656
514,-155.55,19.8,9,6,37500,20000,8.49412822723389,362.551391601562,1982.55200195312,0.182871062773835,2626.49267578125
515,-156.12,20.82,25,16,545000,460000,20.6107196807861,5098.06103515625,3382.15991210938,1.50733885080458,280.170379638672
516,-155.89,19.45,26,17,1125,1125,21.9309692382812,1147.15698242188,1622.65600585938,0.706962522111598,228.823135375977
517,-155.96,19.61,59,38,8000,7500,22.4509601593018,958.296325683594,2289.42993164062,0.41857421030434,165.636642456055
518,-155.95,19.54,48,27.9914398193359,8000,7500,22.7156391143799,1032.623046875,2523.77807617188,0.409157626268513,135.468902587891
519,-156.85,20.87,32,21,NA,NA,NA,NA,NA,NA,NA
520,-158.12,21.36,64.5048675537109,44.7552375793457,3305000,3e+06,22.5256309509277,724.898498535156,2813.09106445312,0.257687533722297,196.852493286133
521,-159.43,22.01,34,22,2e+06,1500000,21.2785797119141,2532.75903320312,3116.94897460938,0.812576353939364,272.428680419922
522,-157.98,21.47,59,38,2400000,3e+06,21.4845600128174,1552.07995605469,3583.15795898438,0.433159791954753,272.854248046875
523,-159.33,22.14,46.1176948547363,30.0719738006592,2e+06,1500000,22.8913097381592,1575.64501953125,4157.84619140625,0.378957024140987,94.3225555419922
524,-158.14,21.54,28,18,3305000,3e+06,21.7259502410889,1140.75903320312,3112.64599609375,0.366491735531356,274.325164794922
525,-156.93,20.85,57,37,1380000,1500000,20.203369140625,700.155883789062,2631.98999023438,0.266017684864643,543.121398925781
526,-155.44,19.31,18.6208229064941,12.4138813018799,1125,1125,18.1874198913574,1925.7900390625,1858.42199707031,1.03625013161617,812.257202148438
527,-155.84,19.1,15,10,1125,1125,20.9833908081055,796.890197753906,1805.75500488281,0.441305822550176,396.875030517578
528,-155.54,19.13,21,14,4000,4000,22.8703098297119,1192.90100097656,2687.544921875,0.443862720681268,126.507476806641
529,-155.94,19.53,53.8718414306641,34.9145622253418,8000,7500,22.1521892547607,1144.93395996094,1792.82604980469,0.638619658658835,219.403533935547
530,-155.64,19.02,21,14,4000,4000,21.7470798492432,924.543884277344,4115.64306640625,0.224641415535738,292.162048339844
531,-155.92,19.54,58.2384338378906,37.4922866821289,20500,20000,19.6774501800537,1544.53405761719,1837.49694824219,0.840564148470963,548.989074707031
532,-155.73,20.02,33.2194862365723,21.4796562194824,182000,95000,19.9621505737305,736.983276367188,2142.45190429688,0.343990581487082,599.619567871094
533,-155.62,19.81,28,18,37500,20000,NA,NA,NA,NA,NA
534,-155.7,19.66,8.18024349212646,5.45349550247192,4000,4000,13.0066499710083,456.840606689453,1946.60095214844,0.234686316260785,1673.50537109375
